address,项目ID,lat_分析,lon_分析,分享截图,屋顶检测,问题截图,整体效果,问题截图,问题分类,A截图,B截图,C截图,面板铺设,问题截图,电池墙,问题截图,掩码分割,问题截图,标注区域,备注信息,标注人,备注,,,,,,,,
"28 Romney St, Kamerunga QLD 4870澳大利亚",6527,,,,合理,,合理,,,,,,铺设错乱,,合理,,合理,,,,王春丽,,,,,,,,,
"24 Romney St, Kamerunga QLD 4870澳大利亚",6525,-16.87582,145.6870455,,合理,,有问题,,差异较大,,,,合理,,可接受,,合理,,,,王春丽,,,可能是坡度 10°的问题,,,,,,
"15 Sandwich St, Kamerunga QLD 4870澳大利亚",6528,,,,合理,,合理,,,,,,,,合理,,合理,,,,王春丽,,,,,,,,,
"18 Romney St, Kamerunga QLD 4870澳大利亚",6529,-16.8760698,145.6878517,,合理,,有问题,,模型倒立,,,,,,合理,,合理,,,,王春丽,,,,,,,,,
"1 Sandwich St, Kamerunga QLD 4870澳大利亚",6532,-16.8757459,145.6894389,,合理,,可接受,,,,,,,,合理,,合理,,,,王春丽,,,,,,,,,
"7 Romney St, Kamerunga QLD 4870澳大利亚",6536,,,,合理,,合理,,,,,,合理,,合理,,合理,,,,王春丽,,,,,,,,,
"7 Kara Cl, Kamerunga QLD 4870澳大利亚",6540,-16.877067,145.6868463,,合理,,,,,,,,,,可接受,,合理,,,,王春丽,,,,,,,,,
"11 Hastings St, Kamerunga QLD 4870澳大利亚",6543,-16.8778542,145.6883198,,合理,,有问题,,缩放问题,,,,合理,,合理,,合理,,,,王春丽,,,,,,,,,
"7A Hastings St, Kamerunga QLD 4870澳大利亚",6548,-16.8779211,145.6885793,,合理,,有问题,,模型旋转,,,,,,合理,,合理,,,,王春丽,,,,,,,,,
"9A Hastings St, Kamerunga QLD 4870澳大利亚",7236,-16.8786646,145.6882894,,合理,,有问题,,模型旋转,,,,,,可接受,,合理,,,,王春丽,已解决,,,,,,,,
"64 Harley St, Kamerunga QLD 4870澳大利亚",6561,,,,合理,,合理,,,,,,,,合理,,合理,,,,王春丽,,,,,,,,,
"13 Staghorn Cl, Kamerunga QLD 4870澳大利亚",6563,,,,合理,,合理,,,,,,,,合理,,合理,,,,王春丽,,,,,,,,,
"11 Staghorn Cl, Kamerunga QLD 4870澳大利亚",6572,,,,合理,,合理,,,,,,合理,,合理,,合理,,,,王春丽,,,,,,,,,
"22 Majestic St, Kamerunga QLD 4870澳大利亚",6573,-16.8806188,145.6924519,,合理,,可接受,,,,,,,,可接受,,合理,,,,王春丽,,,,,,,,,
"3 Mistletoe Cl, Kamerunga QLD 4870澳大利亚",6581,,,,合理,,合理,,,,,,合理,,合理,,合理,,,,王春丽,,,,,,,,,
"5 Raphis Cl, Kamerunga QLD 4870澳大利亚",6593,,,,合理,,合理,,,,,,,,合理,,合理,,,,王春丽,,,,,,,,,
"10 Raphis Cl, Kamerunga QLD 4870澳大利亚",6599,,,,合理,,可接受,,,,,,合理,,合理,,合理,,,,王春丽,,,,,,,,,
"9 Raphis Cl, Kamerunga QLD 4870澳大利亚",6603,,,,合理,,合理,,,,,,合理,,合理,,合理,,,,王春丽,,,,,,,,,
"4 Seabreeze Ct, Redlynch QLD 4870澳大利亚",6608,-16.8816519,145.6899639,,合理,,可接受,,,,,,,,合理,,合理,,,,王春丽,,,,,,,,,
"6 Tradewinds Cl, Redlynch QLD 4870澳大利亚",6610,,,,合理,,合理,,,,,,合理,,合理,,合理,,,,王春丽,,,,,,,,,
"5 Tradewinds Cl, Redlynch QLD 4870澳大利亚",6612,,,,合理,,合理,,,,,,,,合理,,合理,,,,王春丽,,,,,,,,,
"3A Hythe St, Kamerunga QLD 4870澳大利亚",6614,,,,合理,,合理,,,,,,合理,,合理,,合理,,,,王春丽,,,,,,,,,
"3B Hythe St, Kamerunga QLD 4870澳大利亚",6618,-16.8783767,145.6867709,,合理,,可接受,,,,,,,,合理,,效果差,,,,王春丽,,,,,,,,,
"5 Abington Cl, Redlynch QLD 4870澳大利亚",6620,,,,合理,,合理,,,,,,,,合理,,合理,,,,王春丽,,,,,,,,,
"10 Regent Ave, Redlynch QLD 4870澳大利亚",6646,,,,合理,,合理,,,,,,,,合理,,合理,,,,王春丽,,,,,,,,,
"10 Ellestree Cl, Redlynch QLD 4870澳大利亚",6648,-16.8832519,145.6905997,,合理,,可接受,,,,,,,,合理,,合理,,,,王春丽,,,,,,,,,
"18 Pepperwood St, Redlynch QLD 4870澳大利亚",6655,,,,合理,,合理,,,,,,,,合理,,合理,,,,王春丽,,,,,,,,,
"22 Pepperwood St, Redlynch QLD 4870澳大利亚",6657,-16.8838738,145.6904381,,合理,,可接受,,,,,,,,合理,,合理,,,,王春丽,,,,,,,,,
"16 Pepperwood St, Redlynch QLD 4870澳大利亚",6662,,,,合理,,合理,,,,,,,,合理,,合理,,,,王春丽,,,,,,,,,
"8 Pepperwood St, Redlynch QLD 4870澳大利亚",6664,-16.884066,145.691843,,合理,,合理,,,,,,,,可接受,,合理,,,,王春丽,,,,,,,,,
"38 Regent Ave, Redlynch QLD 4870澳大利亚",6667,,,,合理,,可接受,,,,,,数量很少,,合理,,合理,,,,王春丽,,,,,,,,,
"29 Regent Ave, Redlynch QLD 4870澳大利亚",6670,-16.8829964,145.6919302,,合理,,合理,,,,,,,,可接受,,合理,,,,王春丽,,,,,,,,,
"13 Ellestree Cl, Redlynch QLD 4870澳大利亚",6674,,,,合理,,合理,,,,,,,,合理,,合理,,,,王春丽,,,,,,,,,
"14 Ellestree Cl, Redlynch QLD 4870澳大利亚",6677,-16.8835832,145.6907351,,合理,,有问题,,方案兜底,,,,,,,,,,,,王春丽,走的兜底卡片，create 返回方案为空,,,,,,,,
"10 Regent Ave, Redlynch QLD 4870澳大利亚",6683,,,,合理,,合理,,,,,,,,合理,,合理,,,,王春丽,,,,,,,,,
"5 Ellestree Cl, Redlynch QLD 4870澳大利亚",6685,,,,合理,,合理,,,,,,,,合理,,合理,,,,王春丽,,,,,,,,,
"36 Regent Ave, Redlynch QLD 4870澳大利亚",6688,,,,合理,,合理,,,,,,,,合理,,合理,,,,王春丽,,,,,,,,,
"29 Pepperwood St, Redlynch QLD 4870澳大利亚",6695,,,,合理,,合理,,,,,,合理,,合理,,合理,,,,王春丽,,,,,,,,,
"59 Daphne Dr, Redlynch QLD 4870澳大利亚",6699,,,,合理,,合理,,,,,,,,合理,,合理,,,,王春丽,,,,,,,,,
"67 Daphne Dr, Redlynch QLD 4870澳大利亚",6702,-16.8854325,145.689024,,合理,,可接受,,,,,,合理,,合理,,合理,,,,王春丽,,,,,,,,,
"5 Tyson Pl, Redlynch QLD 4870澳大利亚",6716,-16.8857592,145.6955483,,合理,,合理,,,,,,合理,,可接受,,合理,,,,王春丽,,,,,,,,,
"1 Tyson Pl, Redlynch QLD 4870澳大利亚",6720,-16.8858543,145.6952851,,合理,,可接受,,,,,,,,合理,,合理,,,,王春丽,,,,,,,,,
"16 Tyson Pl, Redlynch QLD 4870澳大利亚",6728,,,,合理,,合理,,,,,,合理,,合理,,合理,,,,王春丽,,,,,,,,,
"52 Terminalia St, Redlynch QLD 4870澳大利亚",6732,,,,合理,,合理,,,,,,,,合理,,合理,,,,王春丽,,,,,,,,,
"35 Terminalia St, Redlynch QLD 4870澳大利亚",6734,-16.8891061,145.6872888,,合理,,可接受,,,,,,孤立面板,,合理,,合理,,,,王春丽,,,,,,,,,
"5 Alstonia Cl, Redlynch QLD 4870澳大利亚",6747,,,,合理,,合理,,,,,,,,合理,,合理,,,,王春丽,,,,,,,,,
"8 Alstonia Cl, Redlynch QLD 4870澳大利亚",6752,,,,合理,,合理,,,,,,,,可接受,,合理,,,,王春丽,,,,,,,,,
"10 Terminalia St, Redlynch QLD 4870澳大利亚",6756,-16.8898529,145.6897389,,合理,,合理,,,,,,合理,,可接受,,合理,,,,王春丽,,,,,,,,,
"48 Eugenia Cres, Redlynch QLD 4870澳大利亚",6764,,,,合理,,合理,,,,,,,,可接受,,合理,,,,王春丽,,,,,,,,,
"54 Eugenia Cres, Redlynch QLD 4870澳大利亚",6769,-16.8898668,145.6902835,,合理,,可接受,,,,,,孤立面板,,合理,,合理,,,,王春丽,,,,,,,,,
"5 Frank St, Redlynch QLD 4870澳大利亚",6792,-16.8929056,145.696601,,合理,,合理,,,,,,铺设错乱,,错误,,合理,,,,王春丽,,,,,,,,,
"15 Charlekata Cl, Freshwater QLD 4870澳大利亚",6806,,,,合理,,可接受,,,,,,合理,,合理,,合理,,,,王春丽,,,,,,,,,
"21 Charlekata Cl, Freshwater QLD 4870澳大利亚",6808,-16.8854189,145.7049506,,合理,,可接受,,,,,,,,合理,,合理,,,,王春丽,,,,,,,,,
"286 Kamerunga Rd, Freshwater QLD 4870澳大利亚",6824,-16.8835265,145.70655,,合理,,可接受,,,,,,,,合理,,合理,,,,王春丽,,,,,,,,,
"40 Duffy St, Freshwater QLD 4870澳大利亚",6827,,,,合理,,合理,,,,,,,,合理,,合理,,,,王春丽,,,,,,,,,
"11 Martin St, Freshwater QLD 4870澳大利亚",6830,-16.884018,145.7076545,,合理,,合理,,,,,,,,可接受,,合理,,,,王春丽,,,,,,,,,
"48 Duffy St, Freshwater QLD 4870澳大利亚",6833,-16.8827586,145.7082674,,合理,,可接受,,,,,,铺设错乱,,合理,,合理,,,,王春丽,,,,,,,,,
"117 Old Smithfield Rd, Freshwater QLD 4870澳大利亚",6837,-16.8822952,145.7101221,,合理,,有问题,,缩放问题,,,,合理,,合理,,合理,,,,王春丽,,,,,,,,,
"117D Old Smithfield Rd, Freshwater QLD 4870澳大利亚",6840,-16.8827037,145.7100443,,合理,,有问题,,差异较大,,,,合理,,合理,,合理,,,,王春丽,,,,,,,,,
"8 Le Grande St, Freshwater QLD 4870澳大利亚",6845,-16.8814626,145.7134458,,合理,,有问题,,方案兜底,,,,,,,,,,,,王春丽,,,,,,,,,
"6 Le Grande St, Freshwater QLD 4870澳大利亚",6850,-16.8814098,145.7136627,,合理,,合理,,,,,,,,可接受,,合理,,,,王春丽,,,,,,,,,
"80 Old Smithfield Rd, Freshwater QLD 4870澳大利亚",6853,,,,合理,,合理,,,,,,合理,,合理,,合理,,,,王春丽,,,,,,,,,
"3 Clearwater St, Freshwater QLD 4870澳大利亚",6855,,,,合理,,合理,,,,,,,,合理,,合理,,,,王春丽,,,,,,,,,
"12 Merrybrook St, Freshwater QLD 4870澳大利亚",6858,,,,合理,,合理,,,,,,,,合理,,合理,,,,王春丽,,,,,,,,,
"10 Clearwater St, Freshwater QLD 4870澳大利亚",6865,,,,合理,,合理,,,,,,,,合理,,合理,,,,王春丽,,,,,,,,,
"86 Petersen St, Freshwater QLD 4870澳大利亚",6866,-16.8827163,145.7165278,,合理,,合理,,,,,,,,可接受,,合理,,,,王春丽,,,,,,,,,
"9 Delta View Cl, Freshwater QLD 4870澳大利亚",6868,,,,合理,,合理,,,,,,,,合理,,合理,,,,王春丽,,,,,,,,,
"17 Simon St, Freshwater QLD 4870澳大利亚",6874,,,,合理,,合理,,,,,,,,合理,,合理,,,,王春丽,,,,,,,,,
"36 Simon St, Freshwater QLD 4870澳大利亚",6876,,,,合理,,有问题,,模型倒立,,,,,,合理,,合理,,,,王春丽,,,,,,,,,
"32 Simon St, Freshwater QLD 4870澳大利亚",6877,,,,合理,,合理,,,,,,,,合理,,合理,,,,王春丽,,,,,,,,,
"95 Cassowary St, Freshwater QLD 4870澳大利亚",6884,-16.8799373,145.7176338,,合理,,合理,,,,,,孤立面板,,合理,,合理,,,,王春丽,,,,,,,,,
"14 Down St, Freshwater QLD 4870澳大利亚",6892,,,,合理,,合理,,,,,,合理,,合理,,合理,,,,王春丽,,,,,,,,,
"13 Canopy Cl, Freshwater QLD 4870澳大利亚",6894,,,,合理,,可接受,,,,,,,,合理,,合理,,,,王春丽,,,,,,,,,
"17 Canopy Cl, Freshwater QLD 4870澳大利亚",6895,-16.8773314,145.7179725,,合理,,可接受,,,,,,,,合理,,合理,,,,王春丽,,,,,,,,,
"129 Kamerunga Rd, Freshwater QLD 4870澳大利亚",6901,-16.8770193,145.7210626,,合理,,可接受,,,,,,铺设错乱,,合理,,合理,,,,王春丽,,,,,,,,,
"15 Primo St, Freshwater QLD 4870澳大利亚",6908,,,,合理,,合理,,,,,,合理,,合理,,合理,,,,王春丽,,,,,,,,,
"6 Wilunga St, Stratford QLD 4870澳大利亚",6925,-16.8777107,145.726693,,合理,,有问题,,方案兜底,,,,,,,,,,,,王春丽,,,,,,,,,
"71 Kamerunga Rd, Stratford QLD 4870澳大利亚",6929,,,,合理,,合理,,,,,,合理,,合理,,合理,,,,王春丽,,,,,,,,,
"28 Lily St, Cairns North QLD 4870澳大利亚",7398,-16.9048232,145.7575202,,合理,,可接受,,,,,,,,可接受,,合理,,,,王春丽,,,,,,,,,
"22 Aldworth Pl, Springfield Lakes QLD 4300澳大利亚",7404,-27.6586662,152.9243537,,合理,,可接受,,,,,,合理,,合理,,合理,,,,,"Springfield Lakes QLD 4300, Australia ",,,,,,,,
"2 Benjamin Ct, Springfield Lakes QLD 4300澳大利亚",7414,-27.6602655,152.9248343,,合理,,可接受,,,,,,合理,,合理,,合理,,,,,,,,,,,,,
"7 North Ct, Springfield Lakes QLD 4300澳大利亚",7420,-27.659778,152.9248877,,合理,,可接受,,,,,,,,合理,,合理,,,,,,,,,,,,,
"4 Eve Ct, Springfield Lakes QLD 4300澳大利亚",7427,-27.6605477,152.9254931,,合理,,可接受,,,,,,,,可接受,,合理,,,,,,,,,,,,,
"49 Eden Cres, Springfield Lakes QLD 4300澳大利亚",7431,-27.6611985,152.9254595,,合理,,有问题,,模型旋转,,,,合理,,合理,,合理,,,,,,,,,,,,,
"46 Ellen Cct, Springfield Lakes QLD 4300澳大利亚",7440,,,,合理,,合理,,,,,,合理,,合理,,合理,,,,,,,,,,,,,
"4 Aldworth Pl, Springfield Lakes QLD 4300澳大利亚",7446,-27.659641,152.9234256,,合理,,可接受,,,,,,,,合理,,合理,,,,,,,,,,,,,
"26 Ellen Cct, Springfield Lakes QLD 4300澳大利亚",7452,-27.6605878,152.9227216,,合理,,可接受,,,,,,合理,,可接受,,合理,,,,,,,,,,,,,
"30 Ellen Cct, Springfield Lakes QLD 4300澳大利亚",7456,,,,合理,,可接受,,,,,,,,合理,,合理,,,,,,,,,,,,,
"20 Ellen Cct, Springfield Lakes QLD 4300澳大利亚",7463,,,,合理,,可接受,,,,,,合理,,合理,,合理,,,,,,,,,,,,,
"3 Ellen Cct, Springfield Lakes QLD 4300澳大利亚",7468,-27.6615662,152.9228821,,合理,,有问题,,缩放问题,,,,合理,,合理,,效果差,,,,,,,,,,,,,
"8 Eden Cres, Springfield Lakes QLD 4300澳大利亚",7473,,,,合理,,可接受,,,,,,,,合理,,合理,,,,,,,,,,,,,
"12 Eden Cres, Springfield Lakes QLD 4300澳大利亚",7475,-27.6616229,152.9236107,,合理,,有问题,,缩放问题,,,,合理,,合理,,效果差,,,,,,,,,,,,,
"9 Eden Cres, Springfield Lakes QLD 4300澳大利亚",7481,-27.6615934,152.9243197,,合理,,已解决,,服务错误,,,,,,,,合理,,,,,现在好了,,,,,,,,
"15 Nevada Rd, Park Ridge QLD 4125澳大利亚",7488,,,,合理,,可接受,,,,,,合理,,合理,,合理,,,,,,,,,,,,,
"17 Nevada Rd, Park Ridge QLD 4125澳大利亚",7492,,,,合理,,可接受,,,,,,,,合理,,合理,,,,,,,,,,,,,
"24 Nevada Rd, Park Ridge QLD 4125澳大利亚",7496,,,,合理,,可接受,,,,,,,,可接受,,合理,,,,,,,,,,,,,
"16 Nevada Rd, Park Ridge QLD 4125澳大利亚",7500,,,,合理,,可接受,,,,,,,,合理,,合理,,,模型未贴合地面,,,,,,,,,,
"24 Anne St, Park Ridge QLD 4125澳大利亚",7507,-27.7118451,153.0898478,,合理,,有问题,,缩放问题,,,,,,合理,,效果差,,,,,,,,,,,,,
"12 Anne St, Park Ridge QLD 4125澳大利亚",7509,-27.7117405,153.0891307,,合理,,有问题,,模型旋转,,,,合理,,合理,,合理,,,,,,,,,,,,,
"5 Anne St, Park Ridge QLD 4125澳大利亚",7522,-27.71215,153.0888865,,合理,,可接受,,,,,,合理,,合理,,效果差,,,模型多生成了一块地面,,,,,,,,,,
"15 Isla St, Park Ridge QLD 4125澳大利亚",7537,-27.7130507,153.0893469,,合理,,可接受,,,,,,位置错误,,合理,,效果差,,,,,,,,,,,,,
"7 Lani St, Park Ridge QLD 4125澳大利亚",7541,,,,合理,,可接受,,,,,,,,合理,,效果差,,,,,,,,,,,,,
"8 Lani St, Park Ridge QLD 4125澳大利亚",7547,-27.7133825,153.0899916,,合理,,有问题,,缩放问题,,,,数量很少,,合理,,效果差,,,,,,,,,,,,,
"87 Mercy Cct, Park Ridge QLD 4125澳大利亚",7556,,,,合理,,可接受,,,,,,,,合理,,合理,,,,,,,,,,,,,
"91 Mercy Cct, Park Ridge QLD 4125澳大利亚",7559,-27.7136732,153.0908704,,合理,,可接受,,,,,,孤立面板,,合理,,合理,,,,,,,,,,,,,
"78 Mercy Cct, Park Ridge QLD 4125澳大利亚",7566,-27.7140312,153.0900568,,合理,,有问题,,模型旋转,,,,,,可接受,,合理,,,,,,,,,,,,,
"4+Exalt+Pl,+Park+Ridge+QLD+4125,+Australia",7580,-27.7137803,153.091854,,合理,,有问题,,差异较大,,,,,,合理,,效果差,,,,,,,,,,,,,
"78 Beck St, Park Ridge QLD 4125澳大利亚",7593,,,,合理,,可接受,,,,,,合理,,合理,,合理,,,,,,,,,,,,,
"45 Beck St, Park Ridge QLD 4125澳大利亚",7599,-27.710026,153.0889452,,合理,,可接受,,,,,,,,可接受,,合理,,,,,,,,,,,,,
"31 Beck St, Park Ridge QLD 4125澳大利亚",7603,-27.7108119,153.0887292,,合理,,可接受,,,,,,,,合理,,效果差,,,,,,,,,,,,,
"30 Beck St, Park Ridge QLD 4125澳大利亚",7606,-27.7118922,153.0880594,,合理,,可接受,,,,,,合理,,错误,,效果差,,,,,,,,,,,,,
"6 Beck St, Park Ridge QLD 4125澳大利亚",7612,-27.7133321,153.0878681,,合理,,可接受,,,,,,,,合理,,效果差,,,,,,,,,,,,,
"16 Formosa St, Park Ridge QLD 4125澳大利亚",7627,-27.7139718,153.0877691,,合理,,有问题,,差异较大,,,,合理,,合理,,效果差,,,,,,,,,,,,,
"46 Neptune St, Springfield Lakes QLD 4300澳大利亚",7633,-27.6680024,152.9278958,,合理,,有问题,,差异较大,,,,合理,,合理,,合理,,,,,,,,,,,,,
"43 Neptune St, Springfield Lakes QLD 4300澳大利亚",7645,-27.6683076,152.9276233,,合理,,可接受,,,,,,,,错误,,合理,,,,,,,,,,,,,
"5 Prospero Cct, Springfield Lakes QLD 4300澳大利亚",7650,-27.6693282,152.9264351,,合理,,有问题,,模型旋转,,,,孤立面板,,合理,,合理,,,,,,,,,,,,,
"19 Lloyd Bird Cres, Springfield Lakes QLD 4300澳大利亚",7656,,,,合理,,可接受,,,,,,,,合理,,合理,,,,,,,,,,,,,
"8 Lloyd Bird Cres, Springfield Lakes QLD 4300澳大利亚",7662,,,,合理,,可接受,,,,,,,,合理,,合理,,,,,,,,,,,,,
"10 Birdwing Ct, Springfield Lakes QLD 4300澳大利亚",7705,,,,合理,,可接受,,,,,,,,合理,,合理,,,,,,,,,,,,,
"63 Lloyd Bird Cres, Springfield Lakes QLD 4300澳大利亚",7707,,,,合理,,可接受,,,,,,,,合理,,合理,,,,,,,,,,,,,
"13 Liberty Cres, Springfield Lakes QLD 4300澳大利亚",7710,,,,合理,,可接受,,,,,,,,合理,,合理,,,,,,,,,,,,,
"20 Apollo Pl, Springfield Lakes QLD 4300澳大利亚",7714,,,,合理,,可接受,,,,,,合理,,合理,,合理,,,,,,,,,,,,,
"16 Ovals Terrace, Springfield Lakes QLD 4300澳大利亚",7720,,,,合理,,可接受,,,,,,合理,,合理,,合理,,,,,,,,,,,,,
"28 The Promenade, Springfield Lakes QLD 4300澳大利亚",7733,,,,合理,,合理,,,,,,合理,,合理,,合理,,,,,,,,,,,,,
"49 Viewpoint Dr, Springfield Lakes QLD 4300澳大利亚",7739,,,,合理,,可接受,,,,,,,,合理,,合理,,,,,,,,,,,,,
"28 Highlands Terrace, Springfield Lakes QLD 4300澳大利亚",7743,,,,合理,,可接受,,,,,,,,合理,,合理,,,,,,,,,,,,,
"70 Landing Circuit, Springfield Lakes QLD 4300澳大利亚",7745,,,,合理,,可接受,,,,,,合理,,合理,,合理,,,,,,,,,,,,,
"39 Landing Circuit, Springfield Lakes QLD 4300澳大利亚",7746,,,,合理,,可接受,,,,,,,,合理,,合理,,,,,,,,,,,,,
"7 Aerial St, Springfield Lakes QLD 4300澳大利亚",7748,-27.6738703,152.9174784,,合理,,有问题,,模型旋转,,,,孤立面板,,合理,,合理,,,,,,,,,,,,,
"43 Parkview Dr, Springfield Lakes QLD 4300澳大利亚",7762,-27.6747761,152.9154566,,合理,,有问题,,模型旋转,,,,,,合理,,合理,,,,,,,,,,,,,
"4 Pinnacle Cl, Springfield Lakes QLD 4300澳大利亚",7772,,,,合理,,可接受,,,,,,,,合理,,合理,,,,,,,,,,,,,
"15 Mirage Ave, Springfield Lakes QLD 4300澳大利亚",7778,,,,合理,,可接受,,,,,,,,合理,,合理,,,,,,,,,,,,,
"26 Elmwood Cct, Springfield Lakes QLD 4300澳大利亚",7803,,,,合理,,可接受,,,,,,,,合理,,合理,,,,,,,,,,,,,
,,,,,,,,,,,,,,,,,,,,,,,,,,,,,,
,,,,,,,,,,,,,,,,,,,,,,,,,,,,,,
,,,,,,,,,,,,,,,,,,,,,,,,,,,,,,
,,,,,,,,,,,,,,,,,,,,,,,,,,,,,,
,,,,,,,,,,,,,,,,,,,,,,,,,,,,,,
,,,,,,,,,,,,,,,,,,,,,,,,,,,,,,
,,,,,,,,,,,,,,,,,,,,,,,,,,,,,,
,,,,,,,,,,,,,,,,,,,,,,,,,,,,,,
,,,,,,,,,,,,,,,,,,,,,,,,,,,,,,
,,,,,,,,,,,,,,,,,,,,,,,,,,,,,,
,,,,,,,,,,,,,,,,,,,,,,,,,,,,,,
,,,,,,,,,,,,,,,,,,,,,,,,,,,,,,
,,,,,,,,,,,,,,,,,,,,,,,,,,,,,,
,,,,,,,,,,,,,,,,,,,,,,,,,,,,,,
,,,,,,,,,,,,,,,,,,,,,,,,,,,,,,
,,,,,,,,,,,,,,,,,,,,,,,,,,,,,,
,,,,,,,,,,,,,,,,,,,,,,,,,,,,,,
,,,,,,,,,,,,,,,,,,,,,,,,,,,,,,
,,,,,,,,,,,,,,,,,,,,,,,,,,,,,,
,,,,,,,,,,,,,,,,,,,,,,,,,,,,,,
,,,,,,,,,,,,,,,,,,,,,,,,,,,,,,
,,,,,,,,,,,,,,,,,,,,,,,,,,,,,,
,,,,,,,,,,,,,,,,,,,,,,,,,,,,,,
,,,,,,,,,,,,,,,,,,,,,,,,,,,,,,
,,,,,,,,,,,,,,,,,,,,,,,,,,,,,,
,,,,,,,,,,,,,,,,,,,,,,,,,,,,,,
,,,,,,,,,,,,,,,,,,,,,,,,,,,,,,
,,,,,,,,,,,,,,,,,,,,,,,,,,,,,,
,,,,,,,,,,,,,,,,,,,,,,,,,,,,,,
,,,,,,,,,,,,,,,,,,,,,,,,,,,,,,
,,,,,,,,,,,,,,,,,,,,,,,,,,,,,,
,,,,,,,,,,,,,,,,,,,,,,,,,,,,,,
,,,,,,,,,,,,,,,,,,,,,,,,,,,,,,
,,,,,,,,,,,,,,,,,,,,,,,,,,,,,,
,,,,,,,,,,,,,,,,,,,,,,,,,,,,,,
,,,,,,,,,,,,,,,,,,,,,,,,,,,,,,
,,,,,,,,,,,,,,,,,,,,,,,,,,,,,,
,,,,,,,,,,,,,,,,,,,,,,,,,,,,,,
,,,,,,,,,,,,,,,,,,,,,,,,,,,,,,
,,,,,,,,,,,,,,,,,,,,,,,,,,,,,,
,,,,,,,,,,,,,,,,,,,,,,,,,,,,,,
,,,,,,,,,,,,,,,,,,,,,,,,,,,,,,
,,,,,,,,,,,,,,,,,,,,,,,,,,,,,,
,,,,,,,,,,,,,,,,,,,,,,,,,,,,,,
,,,,,,,,,,,,,,,,,,,,,,,,,,,,,,
,,,,,,,,,,,,,,,,,,,,,,,,,,,,,,
,,,,,,,,,,,,,,,,,,,,,,,,,,,,,,
,,,,,,,,,,,,,,,,,,,,,,,,,,,,,,
,,,,,,,,,,,,,,,,,,,,,,,,,,,,,,
,,,,,,,,,,,,,,,,,,,,,,,,,,,,,,
,,,,,,,,,,,,,,,,,,,,,,,,,,,,,,
,,,,,,,,,,,,,,,,,,,,,,,,,,,,,,
,,,,,,,,,,,,,,,,,,,,,,,,,,,,,,
,,,,,,,,,,,,,,,,,,,,,,,,,,,,,,
,,,,,,,,,,,,,,,,,,,,,,,,,,,,,,
,,,,,,,,,,,,,,,,,,,,,,,,,,,,,,
,,,,,,,,,,,,,,,,,,,,,,,,,,,,,,
,,,,,,,,,,,,,,,,,,,,,,,,,,,,,,
,,,,,,,,,,,,,,,,,,,,,,,,,,,,,,
,,,,,,,,,,,,,,,,,,,,,,,,,,,,,,
,,,,,,,,,,,,,,,,,,,,,,,,,,,,,,
,,,,,,,,,,,,,,,,,,,,,,,,,,,,,,
,,,,,,,,,,,,,,,,,,,,,,,,,,,,,,
,,,,,,,,,,,,,,,,,,,,,,,,,,,,,,
,,,,,,,,,,,,,,,,,,,,,,,,,,,,,,
"10 Molle St, Hobart TAS 7000澳大利亚",6520,-42.8896392,147.3239025,,合理,,合理,,,,,,合理,,合理,,合理,,,,刘英,,,,,,,,,
"43 Molle St, Hobart TAS 7000澳大利亚",6526,,,,合理,,可接受,,,,,,,,合理,,合理,,,,刘英,,,,,,,,,
"200 Macquarie St, Hobart TAS 7000澳大利亚",6531,,,,合理,,合理,,,,,,合理,,合理,,合理,,,,刘英,,,,,,,,,
"79 Davey St, Hobart TAS 7000澳大利亚",6535,-42.8871144,147.3258268,,合理,,可接受,,,,,,可接受,,合理,,效果差,,,,刘英,,,,,,,,,
"Avon Cottage, 24 Goulburn St, Hobart TAS 7000澳大利亚",6571,,,,合理,,可接受,,,,,,合理,,合理,,合理,,,,刘英,,,,,,,,,
"195 Liverpool St, Hobart TAS 7000澳大利亚",7255,-42.8839801,147.3238952,,合理,,有问题,,差异较大,,,,合理,,可接受,,合理,,,,刘英,,,,,,,,,
"165 Campbell St, Hobart TAS 7000澳大利亚",6587,,,,合理,,可接受,,,,,,合理,,合理,,合理,,,,刘英,,,,,,,,,
"123 Brooker Ave, Glebe TAS 7000澳大利亚",6592,,,,合理,,可接受,,,,,,合理,,合理,,,,,,刘英,,,,,,,,,
"6 Bayley St, Glebe TAS 7000澳大利亚",6601,,,,合理,,合理,,,,,,合理,,合理,,合理,,,,刘英,,,,,,,,,
"12 Aberdeen St, Glebe TAS 7000澳大利亚",6607,-42.8736179,147.3279525,,合理,,有问题,,差异较大,,,,孤立面板,,合理,,合理,,,,刘英,,,,,,,,,
"1 Lillie St, Glebe TAS 7000澳大利亚",6613,-42.8732709,147.3277027,,合理,,合理,,,,,,,,可接受,,合理,,,,刘英,,,,,,,,,
"15 Aberdeen St, Glebe TAS 7000澳大利亚",6617,-42.8729705,147.3274869,,检测错误,,可接受,,,,,,数量很少,,合理,,合理,,,,刘英,一大片识别为一栋房子了，目标的绿色房子没检查到,,,,,,,,
"16 Aberdeen St, Glebe TAS 7000澳大利亚",6631,-42.8727341,147.3272272,,合理,,合理,,,,,,数量很少,,合理,,合理,,,,刘英,,,,,,,,,
"25 Bayley St, Glebe TAS 7000澳大利亚",6645,,,,合理,,可接受,,,,,,合理,,合理,,合理,,,,刘英,,,,,,,,,
"21 Bayley St, Glebe TAS 7000澳大利亚",6650,,,,合理,,合理,,,,,,,,合理,,合理,,,,刘英,,,,,,,,,
"29 Bayley St, Glebe TAS 7000澳大利亚",6656,-42.8718082,147.3259304,,合理,,可接受,,,,,,,,可接受,,合理,,,,刘英,,,,,,,,,
"27 Shoobridge St, Glebe TAS 7000澳大利亚",6665,,,,合理,,可接受,,,,,,合理,,合理,,合理,,,,刘英,,,,,,,,,
"16 Allambee Cres, Glebe TAS 7000澳大利亚",6669,,,,合理,,可接受,,,,,,合理,,合理,,合理,,,,刘英,,,,,,,,,
"45 Shoobridge St, Glebe TAS 7000澳大利亚",6675,-42.8710102,147.3231043,,合理,,可接受,,,,,,数量很少,,合理,,合理,,,,刘英,,,,,,,,,
"71 Warwick St, Hobart TAS 7000澳大利亚",6682,-42.8769145,147.3201647,,合理,,可接受,,,,,,孤立面板,,合理,,效果差,,,,刘英,,,,,,,,,
"44 Warwick St, Hobart TAS 7000澳大利亚",6690,-42.8760557,147.3218358,,合理,,合理,,,,,,合理,,可接受,,合理,,,,刘英,,,,,,,,,
"2 Warneford St, Hobart TAS 7000澳大利亚",6698,-42.889848,147.3201004,,合理,,可接受,,,,,,数量很少,,合理,,合理,,,,刘英,,,,,,,,,
"6 Wilmot St, Hobart TAS 7000澳大利亚",6710,-42.8874959,147.3283761,,合理,,可接受,,,,,,数量很少,,合理,,合理,,,,刘英,,,,,,,,,
"91 Campbell St, Hobart TAS 7000澳大利亚",7267,-42.8776934,147.3282322,,检测错误,,有问题,,差异较大,,,,合理,,合理,,合理,,,,刘英,,,,,,,,,
"99 Campbell St, Hobart TAS 7001澳大利亚",6766,-42.8773503,147.3277568,,合理,,可接受,,,,,,数量很少,,合理,,合理,,,,刘英,,,,,,,,,
"9 Liverpool St, Hobart TAS 7000澳大利亚",6772,-42.8783732,147.3303126,,合理,,可接受,,,,,,孤立面板,,合理,,合理,,,,刘英,,,,,,,,,
"67 Warwick St, Hobart TAS 7000澳大利亚",6801,-42.876754,147.3203734,,合理,,可接受,,,,,,数量很少,,可接受,,合理,,,,刘英,,,,,,,,,
"69 Warwick St, Hobart TAS 7000澳大利亚",6814,-42.8767752,147.3202055,,合理,,可接受,,,,,,数量很少,,合理,,效果差,,,,刘英,,,,,,,,,
"14 Church St, Hobart TAS 7000澳大利亚",6835,,,,合理,,可接受,,,,,,合理,,合理,,合理,,,,刘英,,,,,,,,,
"49 Warwick St, Hobart TAS 7000澳大利亚",6842,-42.8757131,147.3216928,,合理,,可接受,,,,,,位置错误,,合理,,效果差,,,,刘英,,,,,,,,,
"11 Warwick St, Hobart TAS 7000澳大利亚",6860,-42.8741472,-42.8741472,,合理,,可接受,,,,,,数量很少,,合理,,合理,,,,刘英,,,,,,,,,
"85 Barrack St, Hobart TAS 7000澳大利亚",6879,-42.8830099,147.3190739,,合理,,合理,,,,,,,,错误,,合理,,,,刘英,,,,,,,,,
"159 Melville St, Hobart TAS 7000澳大利亚",6887,-42.8833252,147.3199164,,合理,,可接受,,,,,,可接受,,合理,,效果差,,,,刘英,,,,,,,,,
"153 Melville St, Hobart TAS 7000澳大利亚",6903,-42.8830519,147.3202732,,合理,,有问题,,差异较大,,,,数量很少,,可接受,,效果差,,,,刘英,,,,,,,,,
"72 Barrack St, Hobart TAS 7000澳大利亚",6941,-42.8841847,147.3202323,,合理,,可接受,,,,,,数量很少,,合理,,合理,,,,刘英,,,,,,,,,
"177 Bathurst St, Hobart TAS 7000澳大利亚",6949,-42.8840301,147.3208424,,合理,,可接受,,,,,,数量很少,,错误,,合理,,,,刘英,,,,,,,,,
"161 Melville St, Hobart TAS 7000澳大利亚",6966,-42.8834247,147.3198672,,合理,,可接受,,,,,,数量很少,,合理,,合理,,,,刘英,,,,,,,,,
"129 Bathurst St, Hobart TAS 7000澳大利亚",6982,-42.8822477,147.3233012,,合理,,有问题,,模型旋转,,,,数量很少,,合理,,合理,,,,刘英,,,,,,,,,
"55 Patrick St, Hobart TAS 7000澳大利亚",7251,-42.8782382,147.3216742,,合理,,有问题,,差异较大,,,,合理,,合理,,效果差,,,,刘英,,,,,,,,,
"2 Church St, Hobart TAS 7000澳大利亚",7221,-42.8778323,147.3221639,,合理,,可接受,,,,,,可接受,,合理,,合理,,,,刘英,,,,,,,,,
"15 Church St, Hobart TAS 7000澳大利亚",7025,-42.8771511,147.3217629,,合理,,可接受,,,,,,孤立面板,,合理,,合理,,,,刘英,,,,,,,,,
"11 Church St, Hobart TAS 7000澳大利亚",7045,-42.8772354,147.3219743,,合理,,可接受,,,,,,合理,,合理,,合理,,,,刘英,,,,,,,,,
"95 Patrick St, West Hobart TAS 7000澳大利亚",7071,-42.8807759,147.3184257,,合理,,可接受,,,,,,数量很少,,合理,,合理,,,,刘英,,,,,,,,,
"97 Patrick St, West Hobart TAS 7000澳大利亚",7084,-42.8808184,147.3183081,,合理,,有问题,,模型旋转,,,,数量很少,,可接受,,效果差,,,,刘英,,,,,,,,,
"115 Patrick St, West Hobart TAS 7000澳大利亚",7119,-42.8815879,147.3172629,,合理,,可接受,,,,,,合理,,可接受,,合理,,,,刘英,,,,,,,,,
"214 Harrington St, Hobart TAS 7000澳大利亚",7121,-42.8805836,147.3170518,,合理,,已解决,,加载失败,,,,,,,,,,,,刘英,,,,,,,,,
"2 Watkins Ave, West Hobart TAS 7000澳大利亚",7123,,,,合理,,可接受,,,,,,合理,,合理,,合理,,,,刘英,,,,,,,,,
"3 Watkins Ave, West Hobart TAS 7000澳大利亚",7128,-42.8811857,147.315813,,合理,,可接受,,,,,,,,可接受,,效果差,,,,刘英,,,,,,,,,
"146 Warwick St, West Hobart TAS 7000澳大利亚",7138,-42.8806897,147.315468,,合理,,可接受,,,,,,数量很少,,合理,,合理,,,,刘英,,,,,,,,,
"148 Warwick St, West Hobart TAS 7000澳大利亚",7211,,,,合理,,可接受,,,,,,可接受,,可接受,,合理,,,,刘英,,,,,,,,,
"151 Warwick St, West Hobart TAS 7000澳大利亚",7162,-42.8807013,147.3144793,,合理,,可接受,,,,,,数量很少,,合理,,合理,,,,刘英,,,,,,,,,
"6 Lochner St, West Hobart TAS 7000澳大利亚",7178,-42.8807272,147.3139139,,合理,,有问题,,缩放问题,,,,数量很少,,合理,,合理,,,,刘英,,,,,,,,,
"1 Lochner St, West Hobart TAS 7000澳大利亚",7194,,,,合理,,可接受,,,,,,合理,,合理,,合理,,,,刘英,,,,,,,,,
"4 Lochner St, West Hobart TAS 7000澳大利亚",7210,-42.8808591,147.3138984,,合理,,可接受,,,,,,数量很少,,可接受,,合理,,,,刘英,,,,,,,,,
"9 Browne St, West Hobart TAS 7000澳大利亚",7219,,,,合理,,合理,,,,,,,,合理,,合理,,,,刘英,,,,,,,,,
"13 Lochner St, West Hobart TAS 7000澳大利亚",7220,-42.8797122,147.3147474,,合理,,可接受,,,,,,,,可接受,,合理,,,,刘英,,,,,,,,,
"11 Lochner St, West Hobart TAS 7000澳大利亚",7227,-42.8798453,147.3149474,,合理,,可接受,,,,,,数量很少,,合理,,合理,,,,刘英,,,,,,,,,
"14 Lochner St, West Hobart TAS 7000澳大利亚",7235,-42.8796859,147.3139977,,合理,,可接受,,,,,,孤立面板,,可接受,,效果差,,,,刘英,,,,,,,,,
"10 Minallo Ave, West Hobart TAS 7000澳大利亚",7254,-42.8798237,147.3135309,,合理,,可接受,,,,,,合理,,可接受,,合理,,,老版本,刘英,,,,,,,,,
"12 Minallo Ave, West Hobart TAS 7000澳大利亚",7265,-42.8798794,147.3133913,,合理,,合理,,,,,,合理,,可接受,,合理,,,老版本,刘英,,,,,,,,,
"18 Minallo Ave, West Hobart TAS 7000澳大利亚",7274,,,,合理,,可接受,,,,,,合理,,合理,,合理,,,老版本,刘英,,,,,,,,,
"78 Hill St, West Hobart TAS 7000澳大利亚",7276,,,,合理,,可接受,,,,,,合理,,合理,,合理,,,老版本,刘英,,,,,,,,,
"80 Hill St, West Hobart TAS 7000澳大利亚",7281,,,,合理,,可接受,,,,,,合理,,合理,,效果差,,,老版本,刘英,,,,,,,,,
"4 Petty St, West Hobart TAS 7000澳大利亚",7284,,,,合理,,可接受,,,,,,合理,,合理,,合理,,,老版本,刘英,,,,,,,,,
"10 Petty St, West Hobart TAS 7000澳大利亚",7296,-42.8812639,147.3112816,,合理,,可接受,,,,,,数量很少,,可接受,,合理,,,老版本,刘英,,,,,,,,,
"22 Petty St, West Hobart TAS 7000澳大利亚",7297,,,,合理,,可接受,,,,,,合理,,合理,,合理,,,老版本,刘英,,,,,,,,,
"38 Lansdowne Cres, West Hobart TAS 7000澳大利亚",7302,-42.8818441,147.3099162,,合理,,可接受,,,,,,数量很少,,合理,,合理,,,老版本,刘英,,,,,,,,,
"42 Lansdowne Cres, West Hobart TAS 7000澳大利亚",7305,,,,合理,,合理,,,,,,,,合理,,合理,,,老版本,刘英,,,,,,,,,
"51 Lansdowne Cres, West Hobart TAS 7000澳大利亚",7306,-42.8825509,147.309645,,合理,,可接受,,,,,,,,合理,,效果差,,,老版本,刘英,,,,,,,,,
"34 Lansdowne Cres, West Hobart TAS 7000澳大利亚",7309,-42.8810804,147.3100115,,合理,,可接受,,,,,,数量很少,,合理,,效果差,,,老版本,刘英,,,,,,,,,
"32 Lansdowne Cres, West Hobart TAS 7000澳大利亚",7318,-42.8809865,147.3100477,,合理,,可接受,,,,,,可接受,,合理,,合理,,,老版本,刘英,,,,,,,,,
"19 Petty St, West Hobart TAS 7000澳大利亚",7326,,,,合理,,合理,,,,,,,,合理,,合理,,,老版本,刘英,,,,,,,,,
"13 Petty St, West Hobart TAS 7000澳大利亚",7335,-42.8809054,147.3108769,,合理,,可接受,,,,,,效果差,,合理,,合理,,,老版本,刘英,,,,,,,,,
"52 Argyle St, Hobart TAS 7000澳大利亚",7341,-42.880167,147.3276538,,合理,,合理,,,,,,合理,,可接受,,合理,,,老版本,刘英,,,,,,,,,
"11 Warwick St, Hobart TAS 7000澳大利亚",7350,-42.8741472,147.3237357,,合理,,可接受,,,,,,数量很少,,合理,,合理,,,老版本,刘英,,,,,,,,,
"205 Campbell St, North Hobart TAS 7000澳大利亚",7357,-42.874238,147.3234237,,合理,,可接受,,,,,,数量很少,,合理,,合理,,,老版本,刘英,,,,,,,,,
"49 Warwick St, Hobart TAS 7000澳大利亚",7363,-42.8757131,147.3216928,,合理,,可接受,,,,,,位置错误,,可接受,,效果差,,,老版本,刘英,,,,,,,,,
"23 Church St, North Hobart TAS 7000澳大利亚",7374,-42.8762094,147.3209688,,合理,,可接受,,,,,,孤立面板,,合理,,合理,,,老版本,刘英,,,,,,,,,
"25 Church St, North Hobart TAS 7000澳大利亚",7378,-42.876176,147.3208367,,合理,,可接受,,,,,,数量很少,,合理,,合理,,,老版本,刘英,,,,,,,,,
"61 Warwick St, Hobart TAS 7000澳大利亚",7397,,,,合理,,可接受,,,,,,可接受,,合理,,合理,,,老版本,刘英,,,,,,,,,
"1 Tolj Loop, Aveley WA 6069澳大利亚",7402,-31.7947568,115.9821646,,合理,,可接受,,,,,,数量很少,,合理,,合理,,,老版本,刘英,,,,,,,,,
"36 Dulegal Way, Aveley WA 6069澳大利亚",7413,-31.7948154,115.9818225,,合理,,可接受,,,,,,,,可接受,,合理,,,老版本,刘英,,,,,,,,,
"34 Dulegal Way, Aveley WA 6069澳大利亚",7421,,,,合理,,合理,,,,,,,,合理,,合理,,,老版本,刘英,,,,,,,,,
"6 Tolj Loop, Aveley WA 6069澳大利亚",7425,,,,合理,,合理,,,,,,,,合理,,合理,,,老版本,刘英,,,,,,,,,
"32 Dulegal Way, Aveley WA 6069澳大利亚",7430,,,,合理,,合理,,,,,,,,合理,,合理,,,老版本,刘英,,,,,,,,,
"10 Tolj Loop, Aveley WA 6069澳大利亚",7438,,,,合理,,可接受,,,,,,合理,,合理,,合理,,,老版本,刘英,,,,,,,,,
"30 Dulegal Way, Aveley WA 6069澳大利亚",7450,-31.7948106,115.9811779,,合理,,可接受,,,,,,,,可接受,,效果差,,,老版本,刘英,,,,,,,,,
"28 Dulegal Way, Aveley WA 6069澳大利亚",7457,,,,合理,,合理,,,,,,,,合理,,合理,,,老版本,刘英,,,,,,,,,
"12 Tolj Loop, Aveley WA 6069澳大利亚",7465,-31.7950929,115.9809826,,合理,,可接受,,,,,,合理,,错误,,效果差,,,老版本,刘英,,,,,,,,,
"18 Dulegal Way, Aveley WA 6069澳大利亚",7479,-31.7946272,115.9794103,,合理,,可接受,,,,,,孤立面板,,合理,,合理,,,老版本,刘英,,,,,,,,,
"9 Dulegal Way, Aveley WA 6069澳大利亚",7486,-31.7944475,115.9799431,,合理,,合理,,,,,,,,合理,,效果差,,,老版本,刘英,,,,,,,,,
"11 Dulegal Way, Aveley WA 6069澳大利亚",7495,-31.7943893,115.9802179,,合理,,可接受,,,,,,效果差,,合理,,合理,,,老版本,刘英,,,,,,,,,
"7 Dulegal Way, Aveley WA 6069澳大利亚",7506,,,,合理,,合理,,,,,,,,合理,,合理,,,老版本,刘英,,,,,,,,,
"25 Corich Pass, Aveley WA 6069澳大利亚",7515,,,,合理,,合理,,,,,,,,合理,,合理,,,老版本,刘英,,,,,,,,,
"21 Corich Pass, Aveley WA 6069澳大利亚",7518,,,,合理,,合理,,,,,,,,合理,,合理,,,老版本,刘英,,,,,,,,,
"17 Corich Pass, Aveley WA 6069澳大利亚",7523,,,,合理,,合理,,,,,,,,合理,,合理,,,老版本,刘英,,,,,,,,,
"25 Dulegal Way, Aveley WA 6069澳大利亚",7527,,,,合理,,合理,,,,,,,,合理,,合理,,,老版本,刘英,,,,,,,,,
"27 Dulegal Way, Aveley WA 6069澳大利亚",7536,-31.7943777,115.9815528,,合理,,可接受,,,,,,,,可接受,,合理,,,老版本,刘英,,,,,,,,,
"29 Dulegal Way, Aveley WA 6069澳大利亚",7546,,,,合理,,合理,,,,,,,,合理,,合理,,,老版本,刘英,,,,,,,,,
"9 Corich Pass, Aveley WA 6069, Australia",7554,-31.7941217,115.9817423,,,,有问题,,方案兜底,,,,,,,,,,,老版本,刘英,,,,,,,,,
"5 Corich Pass, Aveley WA 6069澳大利亚",7569,,,,合理,,可接受,,,,,,可接受,,合理,,合理,,,老版本,刘英,,,,,,,,,
"33 Dulegal Way, Aveley WA 6069澳大利亚",7587,,,,合理,,合理,,,,,,,,合理,,合理,,,老版本,刘英,,,,,,,,,
"5 Corich Pass, Aveley WA 6069澳大利亚",7594,,,,合理,,可接受,,,,,,合理,,合理,,合理,,,老版本,刘英,,,,,,,,,
"35 Dulegal Way, Aveley WA 6069澳大利亚",7602,,,,合理,,合理,,,,,,合理,,合理,,合理,,,老版本,刘英,,,,,,,,,
"15 Neary Blvd, Aveley WA 6069澳大利亚",7607,-31.7941822,115.9826069,,合理,,可接受,,,,,,位置错误,,合理,,合理,,,老版本,刘英,,,,,,,,,
"6 Koroit Way, Aveley WA 6069澳大利亚",7621,,,,合理,,合理,,,,,,,,合理,,合理,,,老版本,刘英,,,,,,,,,
"16 Corich Pass, Aveley WA 6069澳大利亚",7623,-31.7936968,115.9808313,,合理,,可接受,,,,,,,,合理,,效果差,,,老版本,刘英,,,,,,,,,
"25 Demesne Cct, Aveley WA 6069澳大利亚",7629,-31.7934148,115.9805827,,合理,,可接受,,,,,,,,合理,,效果差,,,老版本,刘英,,,,,,,,,
"18 Corich Pass, Aveley WA 6069澳大利亚",7638,,,,合理,,合理,,,,,,,,合理,,合理,,,老版本,刘英,,,,,,,,,
"20 Corich Pass, Aveley WA 6069澳大利亚",7652,-31.7936984,115.9803639,,合理,,可接受,,,,,,,,可接受,,合理,,,老版本,刘英,,,,,,,,,
"27 Demesne Cct, Aveley WA 6069澳大利亚",7657,,,,合理,,有问题,,方案兜底,,,,,,,,,,,老版本,刘英,,,,,,,,,
"22 Corich Pass, Aveley WA 6069澳大利亚",7664,,,,合理,,合理,,,,,,,,合理,,合理,,,老版本,刘英,,,,,,,,,
"31 Demesne Cct, Aveley WA 6069澳大利亚",7716,,,,合理,,合理,,,,,,,,可接受,,合理,,,老版本,刘英,,,,,,,,,
"6 Dulegal Way, Aveley WA 6069澳大利亚",7722,-31.7937106,115.9794481,,合理,,可接受,,,,,,,,错误,,合理,,,老版本,刘英,,,,,,,,,
"4 Dulegal Way, Aveley WA 6069澳大利亚",7729,-31.793523,115.9794589,,合理,,可接受,,,,,,,,合理,,效果差,,,老版本,刘英,,,,,,,,,
"8 Demesne Cct, Aveley WA 6069澳大利亚",7735,,,,合理,,合理,,,,,,,,合理,,合理,,,老版本,刘英,,,,,,,,,
"12 Demesne Cct, Aveley WA 6069澳大利亚",7740,-31.7929986,115.980593,,合理,,可接受,,,,,,效果差,,合理,,合理,,,老版本,刘英,,,,,,,,,
"16 Demesne Cct, Aveley WA 6069澳大利亚",7747,-31.7930121,115.9802001,,合理,,可接受,,,,,,,,可接受,,合理,,,老版本,刘英,,,,,,,,,
"20 Demesne Cct, Aveley WA 6069澳大利亚",7752,,,,合理,,合理,,,,,,,,合理,,合理,,,老版本,刘英,,,,,,,,,
"24 Demesne Cct, Aveley WA 6069澳大利亚",7759,,,,合理,,合理,,,,,,,,合理,,合理,,,老版本,刘英,,,,,,,,,
"21 Gleeson Entrance, Aveley WA 6069澳大利亚",7767,-31.7927061,115.9798301,,合理,,合理,,,,,,,,可接受,,合理,,,老版本,刘英,,,,,,,,,
"19 Gleeson Entrance, Aveley WA 6069澳大利亚",7771,-31.7927266,115.9800473,,合理,,可接受,,,,,,可接受,,合理,,效果差,,,老版本,刘英,,,,,,,,,
"17 Gleeson Entrance, Aveley WA 6069澳大利亚",7779,,,,合理,,合理,,,,,,,,合理,,合理,,,老版本,刘英,,,,,,,,,
"15 Gleeson Entrance, Aveley WA 6069澳大利亚",7799,,,,合理,,可接受,,,,,,,,可接受,,合理,,,,,,,,,,,,,
"11 Gleeson Entrance, Aveley WA 6069澳大利亚",7800,,,,合理,,可接受,,,,,,,,合理,,效果差,,,,,,,,,,,,,
"9 Gleeson Entrance, Aveley WA 6069澳大利亚",7801,,,,合理,,合理,,,,,,,,合理,,合理,,,,,,,,,,,,,
,,,,,,,,,,,,,,,,,,,,,,,,,,,,,,
,,,,,,,,,,,,,,,,,,,,,,,,,,,,,,
,,,,,,,,,,,,,,,,,,,,,,,,,,,,,,
,,,,,,,,,,,,,,,,,,,,,,,,,,,,,,
,,,,,,,,,,,,,,,,,,,,,,,,,,,,,,
,,,,,,,,,,,,,,,,,,,,,,,,,,,,,,
,,,,,,,,,,,,,,,,,,,,,,,,,,,,,,
,,,,,,,,,,,,,,,,,,,,,,,,,,,,,,
,,,,,,,,,,,,,,,,,,,,,,,,,,,,,,
,,,,,,,,,,,,,,,,,,,,,,,,,,,,,,
,,,,,,,,,,,,,,,,,,,,,,,,,,,,,,
,,,,,,,,,,,,,,,,,,,,,,,,,,,,,,
,,,,,,,,,,,,,,,,,,,,,,,,,,,,,,
,,,,,,,,,,,,,,,,,,,,,,,,,,,,,,
,,,,,,,,,,,,,,,,,,,,,,,,,,,,,,
,,,,,,,,,,,,,,,,,,,,,,,,,,,,,,
,,,,,,,,,,,,,,,,,,,,,,,,,,,,,,
,,,,,,,,,,,,,,,,,,,,,,,,,,,,,,
,,,,,,,,,,,,,,,,,,,,,,,,,,,,,,
,,,,,,,,,,,,,,,,,,,,,,,,,,,,,,
,,,,,,,,,,,,,,,,,,,,,,,,,,,,,,
,,,,,,,,,,,,,,,,,,,,,,,,,,,,,,
,,,,,,,,,,,,,,,,,,,,,,,,,,,,,,
,,,,,,,,,,,,,,,,,,,,,,,,,,,,,,
,,,,,,,,,,,,,,,,,,,,,,,,,,,,,,
,,,,,,,,,,,,,,,,,,,,,,,,,,,,,,
,,,,,,,,,,,,,,,,,,,,,,,,,,,,,,
,,,,,,,,,,,,,,,,,,,,,,,,,,,,,,
,,,,,,,,,,,,,,,,,,,,,,,,,,,,,,
,,,,,,,,,,,,,,,,,,,,,,,,,,,,,,
,,,,,,,,,,,,,,,,,,,,,,,,,,,,,,
,,,,,,,,,,,,,,,,,,,,,,,,,,,,,,
,,,,,,,,,,,,,,,,,,,,,,,,,,,,,,
,,,,,,,,,,,,,,,,,,,,,,,,,,,,,,
,,,,,,,,,,,,,,,,,,,,,,,,,,,,,,
,,,,,,,,,,,,,,,,,,,,,,,,,,,,,,
,,,,,,,,,,,,,,,,,,,,,,,,,,,,,,
,,,,,,,,,,,,,,,,,,,,,,,,,,,,,,
,,,,,,,,,,,,,,,,,,,,,,,,,,,,,,
,,,,,,,,,,,,,,,,,,,,,,,,,,,,,,
,,,,,,,,,,,,,,,,,,,,,,,,,,,,,,
,,,,,,,,,,,,,,,,,,,,,,,,,,,,,,
,,,,,,,,,,,,,,,,,,,,,,,,,,,,,,
,,,,,,,,,,,,,,,,,,,,,,,,,,,,,,
,,,,,,,,,,,,,,,,,,,,,,,,,,,,,,
,,,,,,,,,,,,,,,,,,,,,,,,,,,,,,
,,,,,,,,,,,,,,,,,,,,,,,,,,,,,,
,,,,,,,,,,,,,,,,,,,,,,,,,,,,,,
,,,,,,,,,,,,,,,,,,,,,,,,,,,,,,
,,,,,,,,,,,,,,,,,,,,,,,,,,,,,,
,,,,,,,,,,,,,,,,,,,,,,,,,,,,,,
,,,,,,,,,,,,,,,,,,,,,,,,,,,,,,
,,,,,,,,,,,,,,,,,,,,,,,,,,,,,,
,,,,,,,,,,,,,,,,,,,,,,,,,,,,,,
,,,,,,,,,,,,,,,,,,,,,,,,,,,,,,
,,,,,,,,,,,,,,,,,,,,,,,,,,,,,,
,,,,,,,,,,,,,,,,,,,,,,,,,,,,,,
,,,,,,,,,,,,,,,,,,,,,,,,,,,,,,
,,,,,,,,,,,,,,,,,,,,,,,,,,,,,,
,,,,,,,,,,,,,,,,,,,,,,,,,,,,,,
,,,,,,,,,,,,,,,,,,,,,,,,,,,,,,
,,,,,,,,,,,,,,,,,,,,,,,,,,,,,,
,,,,,,,,,,,,,,,,,,,,,,,,,,,,,,
,,,,,,,,,,,,,,,,,,,,,,,,,,,,,,
,,,,,,,,,,,,,,,,,,,,,,,,,,,,,,
,,,,,,,,,,,,,,,,,,,,,,,,,,,,,,
,,,,,,,,,,,,,,,,,,,,,,,,,,,,,,
,,,,,,,,,,,,,,,,,,,,,,,,,,,,,,
,,,,,,,,,,,,,,,,,,,,,,,,,,,,,,
,,,,,,,,,,,,,,,,,,,,,,,,,,,,,,
,,,,,,,,,,,,,,,,,,,,,,,,,,,,,,
,,,,,,,,,,,,,,,,,,,,,,,,,,,,,,
,,,,,,,,,,,,,,,,,,,,,,,,,,,,,,
,,,,,,,,,,,,,,,,,,,,,,,,,,,,,,
"Riverside Cabins, 11 Diggings Terrace, Thredbo NSW 2625澳大利亚",6580,-36.5054806,148.3041878,,合理,,可接受,,,,,,可接受,,合理,,效果差,,,,康宇,,,,,,,,,
"12 Diggings Terrace, Thredbo NSW 2625, Australia",6609,-36.5057304,"6D Diggings Terrace, Thredbo NSW 2625澳大利亚",,合理,,有问题,,差异较大,,,,合理,,合理,,合理,,,,康宇,,,,,,,,,
"6 Thyne Reid Dr, Thredbo NSW 2625澳大利亚",6611,-36.5056648,148.3033917,,合理,,可接受,,,,,,可接受,,合理,,效果差,,,,康宇,,,,,,,,,
,6616,-36.5063703,148.3026614,,合理,,有问题,,差异较大,,,,合理,,合理,,合理,,,,康宇,,,,,,,,,
"4C Diggings Terrace, Thredbo NSW 2625, Australia",6619,-36.5064186,148.3025797,,合理,,可接受,,,,,,数量很少,,合理,,效果差,,,,康宇,,,,,,,,,
"3A Diggings Terrace, Thredbo NSW 2625, Australia",6628,-36.5069918,148.3020096,,合理,,有问题,,服务错误,,,,,,,,,,,,康宇,初始布局为空，板子没铺上去,,,,,,,,
"13 Diggings Terrace, Thredbo NSW 2625, Australia",6639,-36.5059762,148.3044861,,合理,,,,,,,,合理,,合理,,合理,,,,康宇,,,,,,,,,
"17 Diggings Terrace, Thredbo NSW 2625澳大利亚",6640,-36.5056623,148.3049864,,合理,,可接受,,,,,,可接受,,合理,,效果差,,,,康宇,,,,,,,,,
"Alpine Club, 8 Banjo Dr, Thredbo NSW 2625, Australia",6647,-36.5050218,148.3061923,,合理,,有问题,,差异较大,,,,合理,,合理,,合理,,,,康宇,,,,,,,,,
"7 Alpine Way, Thredbo NSW 2625澳大利亚",6658,-36.5069366,148.3045838,,合理,,合理,,,,,,合理,,合理,,合理,,,,康宇,,,,,,,,,
"7 Alpine Way, Thredbo NSW 2625澳大利亚",6658,-36.5069366,148.3045838,,合理,,合理,,,,,,合理,,合理,,合理,,,,康宇,,,,,,,,,
"2 Brindle Bull, Thredbo NSW 2625, Australia",6673,-36.5065032,148.3046274,,检测错误,,可接受,,,,,,可接受,,合理,,效果差,,,,康宇,,🖱️,,,,,,,
"8 Buckwong Pl, Thredbo NSW 2625, Australia",6691,-36.5064736,148.3041326,,合理,,可接受,,,,,,合理,,合理,,合理,,,,康宇,,,,,,,,,
"5 Buckwong Pl, Thredbo NSW 2625, Australia",6687,-36.5064499,148.3037292,,合理,,有问题,,差异较大,,,,合理,,合理,,合理,,,,康宇,,,,,,,,,
"
7B Diggings Terrace, Thredbo NSW 2625, Australia",6693,-36.5064812,148.3031906,,合理,,有问题,,服务错误,,,,,,,,,,,,康宇,,,,,,,,,
"7F Diggings Terrace, Thredbo NSW 2625澳大利亚",6696,-36.5067552,148.3033433,,合理,,可接受,,,,,,数量很少,,可接受,,效果差,,,,康宇,,,,,,,,,
"7C Diggings Terrace, Thredbo NSW 2625, Australia",6700,-36.506483,148.3032987,,合理,,有问题,,服务错误,,,,,,,,,,,,康宇,,,,,,,,,
"Bogong Apartments, 7 Bobuck Ln, Thredbo NSW 2625, Australia",6712,-36.5039631,148.307933,,合理,,有问题,,模型倒立,,,,,,合理,,合理,,,,康宇,,,,,,,,,
"28 Bobuck Ln, Thredbo NSW 2625, Australia",6725,-36.5035452,148.3079791,,检测错误,,,,,,,,,,合理,,合理,,,,康宇,,,,,,,,,
"20 Bobuck Ln, Thredbo NSW 2625澳大利亚",6746,-36.5032426,148.3091728,,合理,,合理,,,,,,合理,,合理,,合理,,,,康宇,,,,,,,,,
"8 Riverview Terrace, Thredbo NSW 2625, Australia",6765,-36.5017564,148.3084331,,合理,,合理,,,,,,合理,,可接受,,合理,,,,康宇,,,,,,,,,
"7A Riverview Terrace, Thredbo NSW 2625, Australia",6776,-36.5018927,148.3088461,,合理,,合理,,,,,,数量很少,,合理,,合理,,,,康宇,,,,,,,,,
"5 Riverview Terrace, Thredbo NSW 2625, Australia",6779,-36.5016809,148.3089434,,合理,,合理,,,,,,合理,,合理,,合理,,,,康宇,,,,,,,,,
"1C Riverview Terrace, Thredbo NSW 2625, Australia",6784,-36.5013926,148.309243,,合理,,合理,,,,,,合理,,可接受,,合理,,,,康宇,,,,,,,,,
"1B Riverview Terrace, Thredbo NSW 2625澳大利亚",6802,-36.5013741,148.3093381,,合理,,合理,,,,,,合理,,合理,,合理,,,,,,,,,,,,,
"1 MacKenzie Pl, Thredbo NSW 2625澳大利亚",6803,-36.5012736,148.311482,,合理,,合理,,,,,,数量很少,,合理,,,,,,,,,,,,,,,
"5 Chimneys Way, Thredbo NSW 2625, Australia",6804,-36.5007328,148.3119418,,合理,,可接受,,,,,,可接受,,合理,,合理,,,,,,,,,,,,,
"9B Valley Cl, Thredbo NSW 2625, Australia",6807,-36.5002124,148.3094697,,合理,,有问题,,差异较大,,,,合理,,合理,,合理,,,,,,,,,,,,,
"1 Valley Cl, Thredbo NSW 2625, Australia",6810,-36.5002894,148.3091947,,合理,,可接受,,,,,,合理,,可接受,,效果差,,,,,,,,,,,,,
"9B Valley Cl, Thredbo NSW 2625, Australia",6811,-36.5002124,148.3094697,,合理,,有问题,,差异较大,,,,合理,,合理,,合理,,,,,,,,,,,,,
"2 Mountain Dr, Thredbo NSW 2625澳大利亚",6812,-36.5006323,148.3091176,,合理,,有问题,,差异较大,,,,合理,,合理,,合理,,,,,,,,,,,,,
"5 Mountain Dr, Thredbo NSW 2625澳大利亚",6820,-36.5010399,148.3087946,,合理,,有问题,,差异较大,,,,合理,,合理,,效果差,,,,,,,,,,,,,
"2 Riverview Terrace, Thredbo NSW 2625澳大利亚",6823,-36.501298,148.3089788,,合理,,有问题,,差异较大,,,,合理,,合理,,合理,,,,,,,,,,,,,
"17 Mountain Dr, Thredbo NSW 2625澳大利亚",6828,-36.5009442,148.3080831,,合理,,有问题,,差异较大,,,,合理,,合理,,合理,,,,,,,,,,,,,
"190 Mountain Dr, Thredbo NSW 2625澳大利亚",6831,-36.5009202,148.3078015,,合理,,有问题,,差异较大,,,,合理,,合理,,合理,,,,,,,,,,,,,
"4 Summit Way, Thredbo NSW 2625澳大利亚",6834,-36.5017411,148.3079969,,合理,,有问题,,差异较大,,,,合理,,可接受,,合理,,,,,,,,,,,,,
"5 Summit Way, Thredbo NSW 2625, Australia",6838,-36.5016805,148.3077949,,合理,,有问题,,差异较大,,,,合理,,合理,,合理,,,,,,,,,,,,,
"6 Summit Way, Thredbo NSW 2625澳大利亚",6839,-36.501422,148.3078303,,合理,,可接受,,,,,,数量很少,,合理,,合理,,,,,,,,,,,,,
"9A Summit Way, Thredbo NSW 2625澳大利亚",6841,-36.5015218,148.3082648,,合理,,有问题,,差异较大,,,,合理,,合理,,合理,,,,,,,,,,,,,
"9B Valley Cl, Thredbo NSW 2625澳大利亚",6846,-36.5002124,148.3094697,,合理,,有问题,,差异较大,,,,合理,,合理,,合理,,,,,,,,,,,,,
"1 Valley Cl, Thredbo NSW 2625澳大利亚",6847,-36.5002894,148.3091947,,合理,,可接受,,,,,,合理,,合理,,合理,,,,,,,,,,,,,
"13 Mountain Dr, Thredbo NSW 2625, Australia",6852,-36.5009622,148.3084007,,合理,,可接受,,,,,,合理,,合理,,合理,,,,,,,,,,,,,
"28 Mountain Dr, Thredbo NSW 2625澳大利亚",6854,-36.5005456,148.3072419,,合理,,可接受,,,,,,,,合理,,合理,,,,,,,,,,,,,
"30 Mountain Dr, Thredbo NSW 2625, Australia",6856,-36.5007376,148.3070889,,合理,,可接受,,,,,,合理,,合理,,合理,,,,,,,,,,,,,
"24 Mountain Dr, Thredbo NSW 2625澳大利亚",6861,-36.5006245,148.3075091,,合理,,有问题,,差异较大,,,,合理,,合理,,效果差,,,,,,,,,,,,,
"26 Mountain Dr, Thredbo NSW 2625澳大利亚",6863,-36.5004645,148.3075388,,合理,,可接受,,,,,,合理,,合理,,合理,,,,,,,,,,,,,
"8 Mountain Dr, Thredbo NSW 2625澳大利亚",6867,-36.5003278,148.3082441,,合理,,可接受,,,,,,合理,,合理,,效果差,,,,,,,,,,,,,
"6A Chimneys Way, Thredbo NSW 2625澳大利亚",6870,-36.5006816,148.3113574,,合理,,可接受,,,,,,合理,,合理,,,,,,,,,,,,,,,
"5 Chimneys Way, Thredbo NSW 2625澳大利亚",6882,-36.5007328,148.3119418,,合理,,可接受,,,,,,数量很少,,合理,,合理,,,,,,,,,,,,,
"165 Box Rd, Box Hill NSW 2765澳大利亚",,-33.6712688,150.906823,,合理,,合理,,,,,,合理,,合理,,,,,,,,,,,,,,,
"821 Windsor Rd, Box Hill NSW 2765澳大利亚",6891,-33.6716428,150.9056349,,检测错误,,可接受,,,,,,合理,,合理,,,,,,,,,,,,,,,
"819 Windsor Rd, Box Hill NSW 2765澳大利亚",3173,-33.6706023,150.9060603,,合理,,有问题,,方案兜底,,,,,,,,,,,,,,,,,,,,,
"815 Windsor Rd, Box Hill NSW 2765澳大利亚",,-33.6694551,150.9041548,,合理,,,,,,,,合理,,合理,,合理,,,,,,,,,,,,,
"3 Malham Rise, Box Hill NSW 2765澳大利亚",6910,-33.6700262,150.9114059,,合理,,已解决,,加载失败,,,,,,,,,,,,,,,,,,,,,
"5 Malham Rise, Box Hill NSW 2765, Australia",6920,-33.6699905,150.9113165,,合理,,已解决,,加载失败,,,,,,,,,,,,,,,,,,,,,
"37 Coursebrook ST, Box Hill NSW 2765, Australia",6924,,,,合理,,合理,,,,,,,,,,,,,,,,,,,,,,,
"25 Coursebrook ST, Box Hill NSW 2765澳大利亚",6928,,,,合理,,可接受,,,,,,合理,,合理,,合理,,,,,,,,,,,,,
"35 Coursebrook ST, Box Hill NSW 2765澳大利亚",6931,,,,合理,,合理,,,,,,合理,,合理,,合理,,,,,,,,,,,,,
"33 Coursebrook ST, Box Hill NSW 2765澳大利亚",6933,,,,合理,,合理,,,,,,,,合理,,合理,,,,,,,,,,,,,
"22 Mailey Cct, Rouse Hill NSW 2155, Australia",6950,,,,合理,,可接受,,,,,,合理,,可接受,,合理,,,,,,,,,,,,,
"22 Mailey Cct, Rouse Hill NSW 2155, Australia",6957,,,,合理,,可接受,,,,,,合理,,可接受,,合理,,,,,,,,,,,,,
"26 Mailey Cct, Rouse Hill NSW 2155, Australia",6962,,,,合理,,合理,,,,,,合理,,可接受,,合理,,,,,,,,,,,,,
"14 Mailey Cct, Rouse Hill NSW 2155, Australia",6967,,,,合理,,可接受,,,,,,合理,,错误,,合理,,,,,,,,,,,,,
"12 Mailey Cct, Rouse Hill NSW 2155, Australia",,-33.6730883,150.9169579,,检测失败,,,,,,,,,,,,,,,,,,,,,,,,,
"16 Mailey Cct, Rouse Hill NSW 2155, Australia",6976,,,,合理,,可接受,,,,,,合理,,合理,,合理,,,,,,,,,,,,,
"20 Mailey Cct, Rouse Hill NSW 2155, Australia",6978,,,,合理,,可接受,,,,,,合理,,合理,,合理,,,,,,,,,,,,,
"28 Mailey Cct, Rouse Hill NSW 2155, Australia",,-33.6731193,150.9179064,,检测失败,,,,,,,,,,,,,,,,,,,,,,,,,
"21 Mailey Cct, Rouse Hill NSW 2155, Australia",,-33.6734037,150.916765,,检测失败,,,,,,,,,,,,,,,,,,,,,,,,,
"19 Mailey Cct, Rouse Hill NSW 2155, Australia",,-33.6736002,150.9166955,,检测失败,,,,,,,,,,,,,,,,,,,,,,,,,
"29 Mailey Cct, Rouse Hill NSW 2155, Australia",6997,,,,合理,,可接受,,,,,,合理,,合理,,效果差,,,,,,,,,,,,,
"27 Mailey Cct, Rouse Hill NSW 2155, Australia",7002,,,,合理,,可接受,,,,,,合理,,合理,,合理,,,,,,,,,,,,,
"31 Mailey Cct, Rouse Hill NSW 2155, Australia",7010,,,,合理,,合理,,,,,,,,合理,,合理,,,,,,,,,,,,,
"38 Mailey Cct, Rouse Hill NSW 2155, Aus",7016,,,,合理,,合理,,,,,,,,合理,,合理,,,,,,,,,,,,,
"33 Mailey Cct, Rouse Hill NSW 2155, Australia",7019,,,,合理,,合理,,,,,,,,合理,,合理,,,,,,,,,,,,,
"4 Spottedgum Pl, Rouse Hill NSW 2155, Australia",7022,,,,合理,,可接受,,,,,,可接受,,合理,,合理,,,,,,,,,,,,,
"39 Mailey Cct, Rouse Hill NSW 2155, Australia",7028,-33.6736022,150.9188451,,合理,,可接受,,,,,,可接受,,合理,,合理,,,,,,,,,,,,,
"43 Mailey Cct, Rouse Hill NSW 2155, Australia",7033,,,,合理,,合理,,,,,,,,合理,,合理,,,,,,,,,,,,,
"9 Mailey Cct, Rouse Hill NSW 2155, Australia",,-33.6742557,150.9163943,,检测失败,,,,,,,,,,,,,,,,,,,,,,,,,
"13 Mailey Cct, Rouse Hill NSW 2155, Australia",7055,,,,合理,,可接受,,,,,,,,可接受,,合理,,,,,,,,,,,,,
"15 Mailey Cct, Rouse Hill NSW 2155, Australia",7060,,,,合理,,合理,,,,,,,,可接受,,合理,,,,,,,,,,,,,
"2 Nelson Rd, Box Hill NSW 2765, Australia",7078,,,,合理,,可接受,,,,,,合理,,合理,,合理,,,,,,,,,,,,,
"113 A Windsor Rd, Box Hill NSW 2765澳大利亚",,-33.6617392,150.8913129,,合理,,有问题,,定位错误,,,,,,,,合理,,,,,,,,,,,,,
"16 Alan St, Box Hill NSW 2765, Australia",7087,,,,合理,,可接受,,,,,,合理,,合理,,合理,,,,,,,,,,,,,
"787 Windsor Rd, Box Hill NSW 2765澳大利亚",,-33.6632417,150.8960313,,检测失败,,,,,,,,,,,,合理,,,,,,,,,,,,,
"785 Windsor Rd, Box Hill NSW 2765, Australia",7110,,,,合理,,可接受,,,,,,合理,,合理,,效果差,,,,,,,,,,,,,
"779 Windsor Rd, Box Hill NSW 2765, Australia",7112,,,,合理,,可接受,,,,,,合理,,合理,,合理,,,,,,,,,,,,,
"763 Windsor Rd, Box Hill NSW 2765, Australia",,-33.6609399,150.8897952,,检测失败,,,,,,,,,,,,合理,,,,,,,,,,,,,
"753A Windsor Rd, Box Hill NSW 2765, Australia",7136,,,,合理,,可接受,,,,,,合理,,合理,,合理,,,,,,,,,,,,,
"91 Longerenong Ave, Box Hill NSW 2765澳大利亚",7317,-33.6536013,150.8819526,,合理,,可接受,,,,,,合理,,合理,,合理,,,,,,,,,,,,,
"89 Longerenong Ave, Box Hill NSW 2765, Australia",7152,,,,合理,,合理,,,,,,,,合理,,合理,,,,,,,,,,,,,
"87 Longerenong Ave, Box Hill NSW 2765, Australia",7153,-33.6534447,150.8820427,,合理,,可接受,,,,,,数量很少,,合理,,合理,,,,,,,,,,,,,
"138 Pridham Ave, Box Hill NSW 2765澳大利亚",7159,-33.6534545,150.8816542,,合理,,可接受,,,,,,数量很少,,可接受,,合理,,,,,,,,,,,,,
"136 Pridham Ave, Box Hill NSW 2765, Australia",7161,,,,合理,,可接受,,,,,,合理,,可接受,,合理,,,,,,,,,,,,,
"130 Pridham Ave, Box Hill NSW 2765澳大利亚",7163,,,,合理,,合理,,,,,,,,合理,,合理,,,,,,,,,,,,,
"81 Longerenong Ave, Box Hill NSW 2765澳大利亚",7164,-33.6531946,150.88225,,合理,,可接受,,,,,,数量很少,,合理,,合理,,,,,,,,,,,,,
"79 Longerenong Ave, Box Hill NSW 2765澳大利亚",7166,,,,合理,,合理,,,,,,,,合理,,合理,,,,,,,,,,,,,
"77 Longerenong Ave, Box Hill NSW 2765澳大利亚",7715,,,,合理,,合理,,,,,,,,合理,,合理,,,,,,,,,,,,,
"124 Pridham Ave, Box Hill NSW 2765澳大利亚",7176,,,,合理,,可接受,,,,,,合理,,合理,,合理,,,,,,,,,,,,,
"75 Longerenong Ave, Box Hill NSW 2765澳大利亚",7179,,,,合理,,合理,,,,,,,,合理,,合理,,,,,,,,,,,,,
"73 Longerenong Ave, Box Hill NSW 2765澳大利亚",7188,-33.6528935,150.8825144,,合理,,有问题,,模型旋转,,,,合理,,合理,,合理,,,,,,,,,,,,,
"71 Longerenong Ave, Box Hill NSW 2765澳大利亚",7185,-33.6527851,150.8825423,,合理,,有问题,,模型旋转,,,,合理,,合理,,合理,,,,,,,,,,,,,
"69 Longerenong Ave, Box Hill NSW 2765澳大利亚",7204,-33.652698,150.8826268,,合理,,有问题,,模型旋转,,,,合理,,合理,,合理,,,,,,,,,,,,,
"65 Longerenong Ave, Box Hill NSW 2765澳大利亚",7207,,,,合理,,可接受,,,,,,合理,,可接受,,合理,,,,,,,,,,,,,
"2 Felling St, Box Hill NSW 2765澳大利亚",7209,,,,合理,,可接受,,,,,,合理,,合理,,合理,,,,,,,,,,,,,
"4 Felling St, Box Hill NSW 2765澳大利亚",7212,,,,合理,,可接受,,,,,,,,合理,,合理,,,,,,,,,,,,,
"4 Felling St, Box Hill NSW 2765澳大利亚",7214,,,,合理,,可接受,,,,,,,,合理,,合理,,,,,,,,,,,,,
"114 Pridham Ave, Box Hill NSW 2765澳大利亚",7216,,,,合理,,可接受,,,,,,,,合理,,合理,,,,,,,,,,,,,
"116 Pridham Ave, Box Hill NSW 2765澳大利亚",7215,,,,合理,,可接受,,,,,,可接受,,合理,,合理,,,,,,,,,,,,,
"118 Pridham Ave, Box Hill NSW 2765澳大利亚",7223,,,,合理,,可接受,,,,,,,,合理,,合理,,,,,,,,,,,,,
"1 Felling St, Box Hill NSW 2765澳大利亚",7222,-33.6521266,150.8831644,,合理,,合理,,,,,,数量很少,,合理,,合理,,,,,,,,,,,,,
"63 Longerenong Ave, Box Hill NSW 2765澳大利亚",7224,,,,合理,,可接受,,,,,,合理,,合理,,合理,,,,,,,,,,,,,
"3 Felling St, Box Hill NSW 2765, Australia",7225,,,,合理,,可接受,,,,,,合理,,合理,,合理,,,,,,,,,,,,,
"5 Felling St, Box Hill NSW 2765, Australia",7226,,,,合理,,可接受,,,,,,,,合理,,合理,,,,,,,,,,,,,
"7 Felling St, Box Hill NSW 2765澳大利亚",7728,-33.6519457,150.8827664,,合理,,可接受,,,,,,数量很少,,合理,,合理,,,,,,,,,,,,,
"110 Pridham Ave, Box Hill NSW 2765澳大利亚",7230,,,,合理,,可接受,,,,,,可接受,,合理,,合理,,,,,,,,,,,,,
"108 Pridham Ave, Box Hill NSW 2765澳大利亚",7233,,,,合理,,可接受,,,,,,,,合理,,合理,,,,,,,,,,,,,
"59 Longerenong Ave, Box Hill NSW 2765澳大利亚",7234,,,,合理,,可接受,,,,,,合理,,合理,,合理,,,,,,,,,,,,,
"57 Longerenong Ave, Box Hill NSW 2765澳大利亚",7237,,,,合理,,可接受,,,,,,合理,,合理,,合理,,,,,,,,,,,,,
"55 Longerenong Ave, Box Hill NSW 2765澳大利亚",7242,,,,合理,,可接受,,,,,,合理,,合理,,合理,,,,,,,,,,,,,
"53 Longerenong Ave, Box Hill NSW 2765澳大利亚",7244,,,,合理,,可接受,,,,,,合理,,合理,,合理,,,,,,,,,,,,,
"51 Longerenong Ave, Box Hill NSW 2765, Australia",7246,,,,合理,,可接受,,,,,,,,,,合理,,,,,,,,,,,,,
"49 Longerenong Ave, Box Hill NSW 2765澳大利亚",7248,-33.651305,150.8834715,,合理,,可接受,,,,,,数量很少,,合理,,合理,,,,,,,,,,,,,
"45 Longerenong Ave, Box Hill NSW 2765澳大利亚",7252,,,,合理,,可接受,,,,,,,,,,合理,,,,,,,,,,,,,
"39 Longerenong Ave, Box Hill NSW 2765澳大利亚",7253,,,,合理,,可接受,,,,,,,,合理,,合理,,,,,,,,,,,,,
"37 Longerenong Ave, Box Hill NSW 2765澳大利亚",7257,,,,合理,,可接受,,,,,,,,合理,,合理,,,,,,,,,,,,,
"35 Longerenong Ave, Box Hill NSW 2765, Australia",7259,,,,合理,,可接受,,,,,,合理,,可接受,,合理,,,,,,,,,,,,,
"4 Wadham St, Box Hill NSW 2765澳大利亚",7266,,,,合理,,可接受,,,,,,合理,,合理,,合理,,,,,,,,,,,,,
"76 Pridham Ave, Box Hill NSW 2765澳大利亚",7268,,,,合理,,合理,,,,,,,,合理,,合理,,,,,,,,,,,,,
"78 Pridham Ave, Box Hill NSW 2765澳大利亚",7270,,,,合理,,可接受,,,,,,合理,,合理,,合理,,,,,,,,,,,,,
"80 Pridham Ave, Box Hill NSW 2765澳大利亚",7271,,,,合理,,可接受,,,,,,,,合理,,合理,,,,,,,,,,,,,
"82 Pridham Ave, Box Hill NSW 2765澳大利亚",7273,,,,合理,,可接受,,,,,,,,合理,,合理,,,,,,,,,,,,,
"86 Pridham Ave, Box Hill NSW 2765澳大利亚",7275,,,,合理,,可接受,,,,,,,,可接受,,合理,,,,,,,,,,,,,
"88 Pridham Ave, Box Hill NSW 2765澳大利亚",7277,,,,合理,,可接受,,,,,,合理,,可接受,,合理,,,,,,,,,,,,,
"90 Pridham Ave, Box Hill NSW 2765澳大利亚",7279,,,,合理,,可接受,,,,,,,,合理,,合理,,,,,,,,,,,,,
"96 Pridham Ave, Box Hill NSW 2765澳大利亚",7280,,,,合理,,可接受,,,,,,,,合理,,合理,,,,,,,,,,,,,
"98 Pridham Ave, Box Hill NSW 2765澳大利亚",7282,,,,合理,,合理,,,,,,合理,,合理,,合理,,,,,,,,,,,,,
"100 Pridham Ave, Box Hill NSW 2765澳大利亚",7278,,,,合理,,可接受,,,,,,,,合理,,合理,,,,,,,,,,,,,
"104 Pridham Ave, Box Hill NSW 2765澳大利亚",7287,,,,合理,,可接受,,,,,,,,可接受,,合理,,,,,,,,,,,,,
"53 Brocklebank St, Box Hill NSW 2765澳大利亚",7288,,,,合理,,可接受,,,,,,合理,,合理,,合理,,,,,,,,,,,,,
"51 Brocklebank St, Box Hill NSW 2765澳大利亚",7291,,,,合理,,可接受,,,,,,合理,,合理,,合理,,,,,,,,,,,,,
"49 Brocklebank St, Box Hill NSW 2765澳大利亚",7293,,,,合理,,可接受,,,,,,,,可接受,,合理,,,,,,,,,,,,,
"47 Brocklebank St, Box Hill NSW 2765澳大利亚",7295,,,,合理,,可接受,,,,,,合理,,合理,,合理,,,,,,,,,,,,,
"47 Brocklebank St, Box Hill NSW 2765澳大利亚",7300,,,,合理,,可接受,,,,,,合理,,合理,,合理,,,,,,,,,,,,,
"43 Brocklebank St, Box Hill NSW 2765澳大利亚",7304,,,,合理,,可接受,,,,,,合理,,可接受,,合理,,,,,,,,,,,,,
"41 Brocklebank St, Box Hill NSW 2765澳大利亚",7336,,,,合理,,可接受,,,,,,合理,,可接受,,合理,,,,,,,,,,,,,
"37 Brocklebank St, Box Hill NSW 2765, Australia",7342,-33.6526797,150.8800869,,合理,,有问题,,模型旋转,,,,合理,,可接受,,效果差,,,,,,,,,,,,,
"35 Brocklebank St, Box Hill NSW 2765澳大利亚",7344,-33.6526334,150.8799819,,合理,,可接受,,,,,,合理,,合理,,合理,,,,,,,,,,,,,
"33 Brocklebank St, Box Hill NSW 2765澳大利亚",7349,,,,合理,,可接受,,,,,,,,合理,,合理,,,,,,,,,,,,,
"31 Brocklebank St, Box Hill NSW 2765澳大利亚",7353,,,,合理,,已解决,,加载失败,,,,可接受,,合理,,合理,,,,,,,,,,,,,
"31 Brocklebank St, Box Hill NSW 2765澳大利亚",7373,-33.6525254,150.8797486,,合理,,可接受,,,,,,数量很少,,合理,,合理,,,,,,,,,,,,,
"25 Brocklebank St, Box Hill NSW 2765, Australia",7399,,,,合理,,可接受,,,,,,,,合理,,合理,,,,,,,,,,,,,
"21 Brocklebank St, Box Hill NSW 2765澳大利亚",7405,,,,合理,,可接受,,,,,,,,合理,,合理,,,,,,,,,,,,,
"117 Longerenong Ave, Box Hill NSW 2765澳大利亚",706,,,,合理,,可接受,,,,,,,,合理,,合理,,,,,,,,,,,,,
"119 Longerenong Ave, Box Hill NSW 2765澳大利亚",7407,,,,合理,,可接受,,,,,,,,合理,,合理,,,,,,,,,,,,,
"121 Longerenong Ave, Box Hill NSW 2765澳大利亚",7409,,,,合理,,可接受,,,,,,合理,,可接受,,合理,,,,,,,,,,,,,
"123 Longerenong Ave, Box Hill NSW 2765澳大利亚",7412,,,,合理,,可接受,,,,,,合理,,可接受,,合理,,,,,,,,,,,,,
"133 Longerenong Ave, Box Hill NSW 2765澳大利亚",7416,,,,合理,,可接受,,,,,,合理,,可接受,,合理,,,,,,,,,,,,,
"7 Thorpe Wy, Box Hill NSW 2765澳大利亚",7419,,,,合理,,可接受,,,,,,,,可接受,,合理,,,,,,,,,,,,,
"9 Thorpe Wy, Box Hill NSW 2765澳大利亚",7422,,,,合理,,可接受,,,,,,,,合理,,合理,,,,,,,,,,,,,
"11 Thorpe Wy, Box Hill NSW 2765澳大利亚",7423,,,,合理,,可接受,,,,,,合理,,合理,,合理,,,,,,,,,,,,,
"13 Thorpe Wy, Box Hill NSW 2765澳大利亚",7428,,,,合理,,可接受,,,,,,,,合理,,合理,,,,,,,,,,,,,
"15 Thorpe Wy, Box Hill NSW 2765澳大利亚",7429,,,,合理,,合理,,,,,,合理,,可接受,,合理,,,,,,,,,,,,,
"311 Thorpe Wy, Box Hill NSW 2765澳大利亚",7434,,,,合理,,可接受,,,,,,合理,,合理,,合理,,,,,,,,,,,,,
"23 Thorpe Wy, Box Hill NSW 2765澳大利亚",7437,-33.653205,150.8781886,,合理,,有问题,,服务错误,,,,,,,,,,,,,,,,,,,,,
"25 Thorpe Wy, Box Hill NSW 2765澳大利亚",7445,-33.6531644,150.8780991,,合理,,有问题,,服务错误,,,,,,,,,,,,,,,,,,,,,
"27 Thorpe Wy, Box Hill NSW 2765澳大利亚",7449,,,,合理,,可接受,,,,,,,,合理,,合理,,,,,,,,,,,,,
"31 Thorpe Wy, Box Hill NSW 2765澳大利亚",7453,-33.6530305,150.877791,,合理,,可接受,,,,,,数量很少,,合理,,合理,,,,,,,,,,,,,
"33 Thorpe Wy, Box Hill NSW 2765澳大利亚",7455,,,,合理,,可接受,,,,,,合理,,合理,,效果差,,,,,,,,,,,,,
"35 Thorpe Wy, Box Hill NSW 2765澳大利亚",7460,,,,合理,,可接受,,,,,,合理,,合理,,合理,,,,,,,,,,,,,
"39 Thorpe Wy, Box Hill NSW 2765澳大利亚",7466,,,,合理,,可接受,,,,,,,,合理,,合理,,,,,,,,,,,,,
"34 Gimmer Rd, Box Hill NSW 2765澳大利亚",7485,,,,合理,,可接受,,,,,,,,合理,,合理,,,,,,,,,,,,,
"32 Gimmer Rd, Box Hill NSW 2765澳大利亚",7489,,,,合理,,可接受,,,,,,,,可接受,,合理,,,,,,,,,,,,,
"28 Gimmer Rd, Box Hill NSW 2765澳大利亚",7494,,,,合理,,可接受,,,,,,可接受,,合理,,合理,,,,,,,,,,,,,
"24 Gimmer Rd, Box Hill NSW 2765, Australia",7501,-33.6530977,150.8787205,,合理,,有问题,,差异较大,,,,可接受,,合理,,效果差,,,,,,,,,,,,,
"24 Gimmer Rd, Box Hill NSW 2765, Australia",7501,,,,合理,,可接受,,,,,,,,合理,,合理,,,,,,,,,,,,,
"20 Gimmer Rd, Box Hill NSW 2765澳大利亚",7516,,,,合理,,可接受,,,,,,合理,,合理,,合理,,,,,,,,,,,,,
"18 Gimmer Rd, Box Hill NSW 2765澳大利亚",7521,,,,合理,,可接受,,,,,,可接受,,可接受,,合理,,,,,,,,,,,,,
"16 Gimmer Rd, Box Hill NSW 2765澳大利亚",7525,,,,合理,,可接受,,,,,,可接受,,合理,,合理,,,,,,,,,,,,,
"12 Gimmer Rd, Box Hill NSW 2765澳大利亚",7529,,,,合理,,可接受,,,,,,可接受,,可接受,,合理,,,,,,,,,,,,,
"10 Gimmer Rd, Box Hill NSW 2765澳大利亚",75540,,,,合理,,可接受,,,,,,合理,,合理,,合理,,,,,,,,,,,,,
"8 Gimmer Rd, Box Hill NSW 2765澳大利亚",7551,,,,合理,,可接受,,,,,,可接受,,合理,,合理,,,,,,,,,,,,,
"6 Gimmer Rd, Box Hill NSW 2765澳大利亚",7549,-33.652699,150.8778416,,合理,,有问题,,差异较大,,,,可接受,,合理,,效果差,,,,,,,,,,,,,
"4 Gimmer Rd, Box Hill NSW 2765澳大利亚",7553,,,,合理,,可接受,,,,,,可接受,,合理,,合理,,,,,,,,,,,,,
"43 Thorpe Wy, Box Hill NSW 2765澳大利亚",7558,,,,合理,,可接受,,,,,,,,合理,,合理,,,,,,,,,,,,,
"45 Thorpe Wy, Box Hill NSW 2765澳大利亚",7561,,,,合理,,可接受,,,,,,可接受,,合理,,合理,,,,,,,,,,,,,
"150 Longerenong Ave, Box Hill NSW 2765澳大利亚",7565,,,,合理,,可接受,,,,,,可接受,,合理,,合理,,,,,,,,,,,,,
"148 Longerenong Ave, Box Hill NSW 2765澳大利亚",7568,,,,合理,,可接受,,,,,,,,合理,,合理,,,,,,,,,,,,,
"144 Longerenong Ave, Box Hill NSW 2765澳大利亚",7575,,,,合理,,可接受,,,,,,合理,,合理,,合理,,,,,,,,,,,,,
"142 Longerenong Ave, Box Hill NSW 2765澳大利亚",7579,-33.6525013,150.8780663,,合理,,有问题,,差异较大,,,,可接受,,合理,,效果差,,,,,,,,,,,,,
"140 Longerenong Ave, Box Hill NSW 2765澳大利亚",7584,,,,合理,,可接受,,,,,,合理,,合理,,效果差,,,,,,,,,,,,,
"138 Longerenong Ave, Box Hill NSW 2765澳大利亚",7359,,,,合理,,可接受,,,,,,,,合理,,合理,,,,,,,,,,,,,
"132 Longerenong Ave, Box Hill NSW 2765澳大利亚",7598,,,,合理,,可接受,,,,,,,,可接受,,合理,,,,,,,,,,,,,
"130 Longerenong Ave, Box Hill NSW 2765澳大利亚",7600,-33.6527787,150.8786465,,合理,,有问题,,差异较大,,,,可接受,,合理,,效果差,,,,,,,,,,,,,
"126 Longerenong Ave, Box Hill NSW 2765澳大利亚",7605,-33.652867,150.8788444,,合理,,可接受,,,,,,数量很少,,合理,,合理,,,,,,,,,,,,,
"124 Longerenong Ave, Box Hill NSW 2765澳大利亚",7609,,,,合理,,可接受,,,,,,数量很少,,合理,,合理,,,,,,,,,,,,,
"120 Longerenong Ave, Box Hill NSW 2765, Australia",7611,-33.6529734,150.8791456,,合理,,有问题,,差异较大,,,,数量很少,,合理,,效果差,,,,,,,,,,,,,
"118 Longerenong Ave, Box Hill NSW 2765澳大利亚",7617,-33.6530106,150.8792544,,合理,,可接受,,,,,,数量很少,,合理,,合理,,,,,,,,,,,,,
"114 Longerenong Ave, Box Hill NSW 2765澳大利亚",7626,,,,合理,,可接受,,,,,,,,合理,,合理,,,,,,,,,,,,,
"110 Longerenong Ave, Box Hill NSW 2765澳大利亚",7630,-33.65321,150.8796054,,合理,,有问题,,服务错误,,,,,,合理,,合理,,,,,,,,,,,,,
"108 Longerenong Ave, Box Hill NSW 2765澳大利亚",7634,,,,合理,,可接受,,,,,,,,合理,,合理,,,,,,,,,,,,,
"139 Longerenong Ave, Box Hill NSW 2765澳大利亚",7701,,,,合理,,可接受,,,,,,合理,,合理,,合理,,,,,,,,,,,,,
"141 Longerenong Ave, Box Hill NSW 2765澳大利亚",7647,,,,合理,,可接受,,,,,,合理,,合理,,合理,,,,,,,,,,,,,
"143 Longerenong Ave, Box Hill NSW 2765澳大利亚",7654,,,,合理,,可接受,,,,,,合理,,合理,,合理,,,,,,,,,,,,,
"145 Longerenong Ave, Box Hill NSW 2765澳大利亚",7712,-33.652109,150.8781782,,合理,,可接受,,,,,,,,合理,,合理,,,,,,,,,,,,,
"143 Longerenong Ave, Box Hill NSW 2765澳大利亚",7696,,,,合理,,可接受,,,,,,合理,,合理,,合理,,,,,,,,,,,,,
"141 Longerenong Ave, Box Hill NSW 2765澳大利亚",7701,,,,合理,,可接受,,,,,,合理,,合理,,合理,,,,,,,,,,,,,
"139 Longerenong Ave, Box Hill NSW 2765澳大利亚",7709,,,,合理,,可接受,,,,,,合理,,合理,,合理,,,,,,,,,,,,,
"17 Brocklebank St, Box Hill NSW 2765澳大利亚",7717,-33.6520982,150.8787367,,合理,,可接受,,,,,,合理,,可接受,,合理,,,,,,,,,,,,,
"15 Brocklebank St, Box Hill NSW 2765澳大利亚",7727,,,,合理,,可接受,,,,,,,,合理,,合理,,,,,,,,,,,,,
"13 Brocklebank St, Box Hill NSW 2765澳大利亚",7736,,,,合理,,可接受,,,,,,,,合理,,合理,,,,,,,,,,,,,
"7 Brocklebank St, Box Hill NSW 2765澳大利亚",7753,,,,合理,,可接受,,,,,,合理,,合理,,合理,,,,,,,,,,,,,
"5 Brocklebank St, Box Hill NSW 2765澳大利亚",7760,-33.6518079,150.8781287,,合理,,可接受,,,,,,数量很少,,合理,,合理,,,,,,,,,,,,,
"5 Brocklebank St, Box Hill NSW 2765澳大利亚",7766,-33.6518079,50.8781287,,合理,,可接受,,,,,,数量很少,,合理,,合理,,,,,,,,,,,,,
"3 Brocklebank St, Box Hill NSW 2765澳大利亚",7773,,,,合理,,可接受,,,,,,合理,,合理,,合理,,,,,,,,,,,,,
"1 Brocklebank St, Box Hill NSW 2765澳大利亚",7776,,,,合理,,可接受,,,,,,,,合理,,合理,,,,,,,,,,,,,
,,,,,,,,,,,,,,,,,,,,,,,,,,,,,,
,,,,,,,,,,,,,,,,,,,,,,,,,,,,,,
,,,,,,,,,,,,,,,,,,,,,,,,,,,,,,
,,,,,,,,,,,,,,,,,,,,,,,,,,,,,,
,,,,,,,,,,,,,,,,,,,,,,,,,,,,,,
,,,,,,,,,,,,,,,,,,,,,,,,,,,,,,
,,,,,,,,,,,,,,,,,,,,,,,,,,,,,,
,,,,,,,,,,,,,,,,,,,,,,,,,,,,,,
,,,,,,,,,,,,,,,,,,,,,,,,,,,,,,
,,,,,,,,,,,,,,,,,,,,,,,,,,,,,,
,,,,,,,,,,,,,,,,,,,,,,,,,,,,,,
,,,,,,,,,,,,,,,,,,,,,,,,,,,,,,
,,,,,,,,,,,,,,,,,,,,,,,,,,,,,,
,,,,,,,,,,,,,,,,,,,,,,,,,,,,,,
,,,,,,,,,,,,,,,,,,,,,,,,,,,,,,
,,,,,,,,,,,,,,,,,,,,,,,,,,,,,,
,,,,,,,,,,,,,,,,,,,,,,,,,,,,,,
,,,,,,,,,,,,,,,,,,,,,,,,,,,,,,
,,,,,,,,,,,,,,,,,,,,,,,,,,,,,,
,,,,,,,,,,,,,,,,,,,,,,,,,,,,,,
,,,,,,,,,,,,,,,,,,,,,,,,,,,,,,
,,,,,,,,,,,,,,,,,,,,,,,,,,,,,,
,,,,,,,,,,,,,,,,,,,,,,,,,,,,,,
,,,,,,,,,,,,,,,,,,,,,,,,,,,,,,
,,,,,,,,,,,,,,,,,,,,,,,,,,,,,,
,,,,,,,,,,,,,,,,,,,,,,,,,,,,,,
,,,,,,,,,,,,,,,,,,,,,,,,,,,,,,
,,,,,,,,,,,,,,,,,,,,,,,,,,,,,,
,,,,,,,,,,,,,,,,,,,,,,,,,,,,,,
,,,,,,,,,,,,,,,,,,,,,,,,,,,,,,
,,,,,,,,,,,,,,,,,,,,,,,,,,,,,,
,,,,,,,,,,,,,,,,,,,,,,,,,,,,,,
,,,,,,,,,,,,,,,,,,,,,,,,,,,,,,
,,,,,,,,,,,,,,,,,,,,,,,,,,,,,,
,,,,,,,,,,,,,,,,,,,,,,,,,,,,,,
,,,,,,,,,,,,,,,,,,,,,,,,,,,,,,
,,,,,,,,,,,,,,,,,,,,,,,,,,,,,,
,,,,,,,,,,,,,,,,,,,,,,,,,,,,,,
,,,,,,,,,,,,,,,,,,,,,,,,,,,,,,
,,,,,,,,,,,,,,,,,,,,,,,,,,,,,,
,,,,,,,,,,,,,,,,,,,,,,,,,,,,,,
,,,,,,,,,,,,,,,,,,,,,,,,,,,,,,
,,,,,,,,,,,,,,,,,,,,,,,,,,,,,,
,,,,,,,,,,,,,,,,,,,,,,,,,,,,,,
,,,,,,,,,,,,,,,,,,,,,,,,,,,,,,
,,,,,,,,,,,,,,,,,,,,,,,,,,,,,,
,,,,,,,,,,,,,,,,,,,,,,,,,,,,,,
,,,,,,,,,,,,,,,,,,,,,,,,,,,,,,
,,,,,,,,,,,,,,,,,,,,,,,,,,,,,,
,,,,,,,,,,,,,,,,,,,,,,,,,,,,,,
,,,,,,,,,,,,,,,,,,,,,,,,,,,,,,
,,,,,,,,,,,,,,,,,,,,,,,,,,,,,,
,,,,,,,,,,,,,,,,,,,,,,,,,,,,,,
,,,,,,,,,,,,,,,,,,,,,,,,,,,,,,
,,,,,,,,,,,,,,,,,,,,,,,,,,,,,,
,,,,,,,,,,,,,,,,,,,,,,,,,,,,,,
,,,,,,,,,,,,,,,,,,,,,,,,,,,,,,
,,,,,,,,,,,,,,,,,,,,,,,,,,,,,,
,,,,,,,,,,,,,,,,,,,,,,,,,,,,,,
,,,,,,,,,,,,,,,,,,,,,,,,,,,,,,
,,,,,,,,,,,,,,,,,,,,,,,,,,,,,,
,,,,,,,,,,,,,,,,,,,,,,,,,,,,,,
,,,,,,,,,,,,,,,,,,,,,,,,,,,,,,
,,,,,,,,,,,,,,,,,,,,,,,,,,,,,,
,,,,,,,,,,,,,,,,,,,,,,,,,,,,,,
,,,,,,,,,,,,,,,,,,,,,,,,,,,,,,
,,,,,,,,,,,,,,,,,,,,,,,,,,,,,,
,,,,,,,,,,,,,,,,,,,,,,,,,,,,,,
,,,,,,,,,,,,,,,,,,,,,,,,,,,,,,
,,,,,,,,,,,,,,,,,,,,,,,,,,,,,,
,,,,,,,,,,,,,,,,,,,,,,,,,,,,,,
,,,,,,,,,,,,,,,,,,,,,,,,,,,,,,
,,,,,,,,,,,,,,,,,,,,,,,,,,,,,,
,,,,,,,,,,,,,,,,,,,,,,,,,,,,,,
,,,,,,,,,,,,,,,,,,,,,,,,,,,,,,
,,,,,,,,,,,,,,,,,,,,,,,,,,,,,,
,,,,,,,,,,,,,,,,,,,,,,,,,,,,,,
,,,,,,,,,,,,,,,,,,,,,,,,,,,,,,
,,,,,,,,,,,,,,,,,,,,,,,,,,,,,,
,,,,,,,,,,,,,,,,,,,,,,,,,,,,,,
,,,,,,,,,,,,,,,,,,,,,,,,,,,,,,
,,,,,,,,,,,,,,,,,,,,,,,,,,,,,,
,,,,,,,,,,,,,,,,,,,,,,,,,,,,,,
,,,,,,,,,,,,,,,,,,,,,,,,,,,,,,
,,,,,,,,,,,,,,,,,,,,,,,,,,,,,,
"28 The Valley Ave, Gungahlin ACT 2912澳大利亚",8215,-35.1867187,149.1251858,,合理,,已解决,,旧流程,,,,合理,,合理,,效果差,,"Gungahlin ACT 2912, Australia",,王春丽,,,,,,,,,
"48 The Valley Ave, Gungahlin ACT 2912澳大利亚",8218,,,,合理,,可接受,,,,,,,,合理,,合理,,,,,,,,,,,,,
"57 Delma View, Gungahlin ACT 2912澳大利亚",8223,-35.1875847,149.1303053,,合理,,已解决,,旧流程,,,,孤立面板,,合理,,合理,,,,,,,,,,,,,
"40 Strayleaf Cres, Gungahlin ACT 2912澳大利亚",8227,,,,合理,,可接受,,,,,,合理,,合理,,合理,,,,,,,,,,,,,
"29 Strayleaf Cres, Gungahlin ACT 2912澳大利亚",8229,-35.1752322,149.1381273,,合理,,已解决,,旧流程,,,,,,合理,,合理,,,,,,,,,,,,,
"23 Strayleaf Cres, Gungahlin ACT 2912澳大利亚",8231,-35.1756951,149.1385175,,合理,,有问题,,方案兜底,,,,,,,,,,,,,,,,,,,,,
"3 Kettle St, Gungahlin ACT 2912澳大利亚",8234,,,,合理,,可接受,,,,,,,,合理,,合理,,,,,,,,,,,,,
"16 Evadell St, Gungahlin ACT 2912澳大利亚",8236,,,,合理,,可接受,,,,,,合理,,合理,,合理,,,,,,,,,,,,,
"6 Evadell St, Gungahlin ACT 2912澳大利亚",8237,-35.1765577,149.1377093,,合理,,已解决,,旧流程,,,,,,合理,,效果差,,,,,,,,,,,,,
"27 Evadell St, Gungahlin ACT 2912澳大利亚",8239,-35.1753119,149.1361746,,合理,,已解决,,旧流程,,,,合理,,合理,,合理,,,,,,,,,,,,,
"8 Chidley St, Gungahlin ACT 2912澳大利亚",8240,,,,合理,,可接受,,,,,,,,合理,,合理,,,,,,,,,,,,,
"59a Maria Smith Ln, Gungahlin ACT 2912澳大利亚",8244,,,,合理,,可接受,,,,,,合理,,合理,,合理,,,,,,,,,,,,,
"22 Maria Smith Ln, Gungahlin ACT 2912澳大利亚",8246,-35.1770625,149.1346607,,合理,,可接受,,,,,,合理,,可接受,,合理,,,,,,,,,,,,,
"47 Maria Smith Ln, Gungahlin ACT 2912澳大利亚",8248,-35.1774405,149.135248,,合理,,可接受,,,,,,合理,,合理,,合理,,,,,,,,,,,,,
"18 Frances Burke St, Gungahlin ACT 2912澳大利亚",8250,,,,合理,,可接受,,,,,,,,合理,,合理,,,,,,,,,,,,,
"20 Frances Burke St, Gungahlin ACT 2912澳大利亚",8253,,,,合理,,可接受,,,,,,,,合理,,合理,,,,,,,,,,,,,
"31 Helen Turner St, Gungahlin ACT 2912澳大利亚",8257,,,,合理,,可接受,,,,,,孤立面板,,合理,,合理,,,,,,,,,,,,,
"4 Phyllis Ashton Cct, Gungahlin ACT 2912澳大利亚",8261,,,,合理,,可接受,,,,,,合理,,合理,,合理,,,,,,,,,,,,,
"16 Wunderlich St, Gungahlin ACT 2912澳大利亚",8269,-35.179737,149.1315399,,合理,,,,,,,,孤立面板,,合理,,合理,,,,,,,,,,,,,
"43 Hollingsworth St, Gungahlin ACT 2912澳大利亚",8273,,,,合理,,可接受,,,,,,,,合理,,合理,,,,,,,,,,,,,
"38 Bembrick St, Gungahlin ACT 2912澳大利亚",8275,,,,合理,,可接受,,,,,,合理,,合理,,合理,,,,,,,,,,,,,
"31 Inglewood St, Gungahlin ACT 2912澳大利亚",8277,-35.1775699,149.1392648,,合理,,有问题,,服务错误,,,,,,,,,,,,,,,,,,,,,
"27 John Winter St, Gungahlin ACT 2912澳大利亚",8285,,,,合理,,可接受,,,,,,合理,,合理,,合理,,,,,,,,,,,,,
"3 Inglewood St, Gungahlin ACT 2912澳大利亚",8293,-35.1795163,149.1387083,,合理,,可接受,,,,,,孤立面板,,合理,,合理,,,,,,,,,,,,,
"18 Bembrick St, Gungahlin ACT 2912澳大利亚",8299,,,,合理,,可接受,,,,,,合理,,合理,,合理,,,,,,,,,,,,,
"23 Inglewood St, Gungahlin ACT 2912澳大利亚",8303,-35.1780783,149.1391117,,合理,,有问题,,服务错误,,,,,,,,,,,,,,,,,,,,,
"22 Bondfield St, Gungahlin ACT 2912澳大利亚",8307,,,,合理,,可接受,,,,,,合理,,合理,,合理,,,,,,,,,,,,,
"27 Bembrick St, Gungahlin ACT 2912澳大利亚",8311,,,,合理,,可接受,,,,,,,,合理,,合理,,,,,,,,,,,,,
"17 Bondfield St, Gungahlin ACT 2912澳大利亚",8312,,,,合理,,可接受,,,,,,,,合理,,合理,,,,,,,,,,,,,
"26 Nellie Hamilton Ave, Gungahlin ACT 2912澳大利亚",8313,-35.1781703,149.1370935,,合理,,可接受,,,,,,孤立面板,,合理,,合理,,,,,,,,,,,,,
"13 Bondfield St, Gungahlin ACT 2912澳大利亚",8315,,,,合理,,可接受,,,,,,,,合理,,合理,,,,,,,,,,,,,
"5 Bondfield St, Gungahlin ACT 2912澳大利亚",8316,-35.1791257,149.1372321,,合理,,可接受,,,,,,数量很少,,合理,,合理,,,,,,,,,,,,,
"10 Resch Ln, Gungahlin ACT 2912澳大利亚",8318,-35.1795118,149.13581,,合理,,可接受,,,,,,数量很少,,合理,,合理,,,,,,,,,,,,,
"10 Farmer Pl, Gungahlin ACT 2912澳大利亚",8320,,,,合理,,可接受,,,,,,,,合理,,合理,,,,,,,,,,,,,
"4 Farmer Pl, Gungahlin ACT 2912澳大利亚",8323,-35.1842251,149.153472,,合理,,可接受,,,,,,孤立面板,,合理,,合理,,,,,,,,,,,,,
"64 Alice Cummins St, Gungahlin ACT 2912澳大利亚",8329,-35.1840251,149.1528088,,合理,,可接受,,,,,,孤立面板,,合理,,合理,,,,,,,,,,,,,
"21 Ansett St, Gungahlin ACT 2912澳大利亚",8330,,,,合理,,可接受,,,,,,,,合理,,合理,,,,,,,,,,,,,
"14 Sarson St, Gungahlin ACT 2912澳大利亚",8332,,,,合理,,可接受,,,,,,,,合理,,合理,,,,,,,,,,,,,
"12 Sarson St, Gungahlin ACT 2912澳大利亚",8333,-35.1840515,149.1514969,,合理,,可接受,,,,,,效果差,,合理,,合理,,,,,,,,,,,,,
"11 Sarson St, Gungahlin ACT 2912澳大利亚",8335,,,,合理,,可接受,,,,,,,,合理,,合理,,,,,,,,,,,,,
"17 Sarson St, Gungahlin ACT 2912澳大利亚",8336,,,,合理,,可接受,,,,,,合理,,合理,,合理,,,,,,,,,,,,,
"21 Sarson St, Gungahlin ACT 2912澳大利亚",8339,,,,合理,,可接受,,,,,,,,合理,,合理,,,,,,,,,,,,,
"21 Rosanna St, Gungahlin ACT 2912澳大利亚",8344,,,,合理,,可接受,,,,,,合理,,合理,,合理,,,,,,,,,,,,,
"27 Rosanna St, Gungahlin ACT 2912澳大利亚",8345,,,,合理,,可接受,,,,,,,,合理,,合理,,,,,,,,,,,,,
"24 McClung St, Gungahlin ACT 2912澳大利亚",8347,,,,合理,,可接受,,,,,,合理,,合理,,合理,,,,,,,,,,,,,
"16 McClung St, Gungahlin ACT 2912澳大利亚",8350,,,,合理,,可接受,,,,,,,,合理,,合理,,,,,,,,,,,,,
"12 Tsoulias St, Gungahlin ACT 2912澳大利亚",8357,-35.1833151,149.1476404,,合理,,可接受,,,,,,孤立面板,,合理,,合理,,,,,,,,,,,,,
"26 Elliman St, Gungahlin ACT 2912澳大利亚",8360,,,,合理,,可接受,,,,,,,,合理,,合理,,,,,,,,,,,,,
"22 Elliman St, Gungahlin ACT 2912澳大利亚",8362,-35.1828338,149.146507,,合理,,已解决,,服务错误,,,,,,,,,,,,,,,,,,,,,
"18 Elliman St, Gungahlin ACT 2912澳大利亚",8364,-35.1830933,149.1464449,,合理,,可接受,,,,,,孤立面板,,可接受,,合理,,,,,,,,,,,,,
"22 Eva West St, Gungahlin ACT 2912澳大利亚",8366,,,,合理,,可接受,,,,,,,,合理,,合理,,,,,,,,,,,,,
"20 Penfold St, Gungahlin ACT 2912澳大利亚",8371,-35.182175,149.1437931,,合理,,可接受,,,,,,孤立面板,,可接受,,合理,,,,,,,,,,,,,
"22 Penfold St, Gungahlin ACT 2912澳大利亚",,,,,合理,,可接受,,,,,,,,合理,,合理,,,,,,,,,,,,,
"28 Penfold St, Gungahlin ACT 2912澳大利亚",,,,,合理,,可接受,,,,,,,,合理,,合理,,,,,,,,,,,,,
"30 Ian Potter Cres, Gungahlin ACT 2912澳大利亚",8380,,,,合理,,可接受,,,,,,合理,,合理,,合理,,,,,,,,,,,,,
"28 Marie Dalley St, Gungahlin ACT 2912澳大利亚",8382,,,,合理,,可接受,,,,,,合理,,合理,,合理,,,,,,,,,,,,,
"30 Tesselaar St, Gungahlin ACT 2912澳大利亚",8398,-35.1816117,149.1406885,,合理,,可接受,,,,,,孤立面板,,合理,,合理,,,,,,,,,,,,,
"25 Marie Dalley St, Gungahlin ACT 2912澳大利亚",8401,,,,合理,,可接受,,,,,,,,合理,,合理,,,,,,,,,,,,,
"27 Tesselaar St, Gungahlin ACT 2912澳大利亚",8403,,,,合理,,可接受,,,,,,合理,,合理,,合理,,,,,,,,,,,,,
"17 Pallin St, Gungahlin ACT 2912澳大利亚",8407,-35.1812028,149.1390781,,合理,,可接受,,,,,,孤立面板,,合理,,合理,,,,,,,,,,,,,
"374 Gundaroo Dr, Gungahlin ACT 2912澳大利亚",8409,-35.1811908,149.1385991,,合理,,可接受,,,,,,孤立面板,,合理,,效果差,,,,,,,,,,,,,
"24 Swain St, Gungahlin ACT 2912澳大利亚",8415,,,,合理,,可接受,,,,,,,,合理,,合理,,,,,,,,,,,,,
"34 Swain St, Gungahlin ACT 2912澳大利亚",8417,,,,合理,,可接受,,,,,,,,合理,,合理,,,,,,,,,,,,,
"58 Swain St, Gungahlin ACT 2912澳大利亚",8419,-35.1810153,149.1352043,,合理,,可接受,,,,,,数量很少,,合理,,合理,,,,,,,,,,,,,
"324 Grocott Ln, Gungahlin ACT 2912澳大利亚",8422,-35.1808034,149.1347909,,合理,,可接受,,,,,,数量很少,,合理,,合理,,,,,,,,,,,,,
"64 Swain St, Gungahlin ACT 2912澳大利亚",8424,-35.1809837,149.1348071,,合理,,有问题,,服务错误,,,,,,,,,,,,,,,,,,,,,
"104 Gozzard St, Gungahlin ACT 2912澳大利亚",8430,,,,合理,,可接受,,,,,,合理,,合理,,合理,,,,,,,,,,,,,
"100 Gozzard St, Gungahlin ACT 2912澳大利亚",8431,-35.1807892,149.1336421,,合理,,有问题,,服务错误,,,,,,,,,,,,,,,,,,,,,
"26 Sarre St, Gungahlin ACT 2912澳大利亚",8436,,,,合理,,可接受,,,,,,合理,,合理,,合理,,,,,,,,,,,,,
"10 Pallin St, Gungahlin ACT 2912澳大利亚",8438,-35.1821266,149.1394946,,合理,,可接受,,,,,,孤立面板,,合理,,合理,,,,,,,,,,,,,
"1 Swain St, Gungahlin ACT 2912澳大利亚",8439,,,,合理,,可接受,,,,,,,,合理,,合理,,,,,,,,,,,,,
"10 Tesselaar St, Gungahlin ACT 2912澳大利亚",8443,-35.1828703,149.1404048,,合理,,有问题,,模型旋转,,,,,,合理,,合理,,,,,,,,,,,,,
,,,,,,,,,,,,,,,,,,,,,,,,,,,,,,
,,,,,,,,,,,,,,,,,,,,,,,,,,,,,,
,,,,,,,,,,,,,,,,,,,,,,,,,,,,,,
,,,,,,,,,,,,,,,,,,,,,,,,,,,,,,
,,,,,,,,,,,,,,,,,,,,,,,,,,,,,,
,,,,,,,,,,,,,,,,,,,,,,,,,,,,,,
,,,,,,,,,,,,,,,,,,,,,,,,,,,,,,
,,,,,,,,,,,,,,,,,,,,,,,,,,,,,,
,,,,,,,,,,,,,,,,,,,,,,,,,,,,,,
,,,,,,,,,,,,,,,,,,,,,,,,,,,,,,
,,,,,,,,,,,,,,,,,,,,,,,,,,,,,,
,,,,,,,,,,,,,,,,,,,,,,,,,,,,,,
,,,,,,,,,,,,,,,,,,,,,,,,,,,,,,
,,,,,,,,,,,,,,,,,,,,,,,,,,,,,,
,,,,,,,,,,,,,,,,,,,,,,,,,,,,,,
,,,,,,,,,,,,,,,,,,,,,,,,,,,,,,
,,,,,,,,,,,,,,,,,,,,,,,,,,,,,,
,,,,,,,,,,,,,,,,,,,,,,,,,,,,,,
,,,,,,,,,,,,,,,,,,,,,,,,,,,,,,
,,,,,,,,,,,,,,,,,,,,,,,,,,,,,,
,,,,,,,,,,,,,,,,,,,,,,,,,,,,,,
,,,,,,,,,,,,,,,,,,,,,,,,,,,,,,
,,,,,,,,,,,,,,,,,,,,,,,,,,,,,,
,,,,,,,,,,,,,,,,,,,,,,,,,,,,,,
,,,,,,,,,,,,,,,,,,,,,,,,,,,,,,
,,,,,,,,,,,,,,,,,,,,,,,,,,,,,,
,,,,,,,,,,,,,,,,,,,,,,,,,,,,,,
,,,,,,,,,,,,,,,,,,,,,,,,,,,,,,
"12 Abberton St, Aveley WA 6069澳大利亚",8216,,,,合理,,可接受,,,,,,可接受,,合理,,效果差,,"Aveley WA 6069, Australia",,,,,,,,,,,
"14 Abberton St, Aveley WA 6069澳大利亚",8220,,,,合理,,合理,,,,,,,,合理,,合理,,,,,,,,,,,,,
"16 Abberton St, Aveley WA 6069澳大利亚",8225,,,,合理,,可接受,,,,,,可接受,,合理,,合理,,,,,,,,,,,,,
"58 Pitsford Chase, Aveley WA 6069澳大利亚",8230,-31.7844795,115.9966027,,合理,,可接受,,,,,,,,合理,,效果差,,,,,,,,,,,,,
"56 Pitsford Chase, Aveley WA 6069澳大利亚",8232,,,,合理,,合理,,,,,,,,合理,,合理,,,,,,,,,,,,,
"39 Buttermere Grange, Aveley WA 6069澳大利亚",8235,-31.7848456,115.9965434,,合理,,有问题,,服务错误,,,,,,合理,,合理,,,,,,,,,,,,,
"41 Buttermere Grange, Aveley WA 6069澳大利亚",8238,-31.7848122,115.9967427,,合理,,有问题,,缩放问题,,,,孤立面板,,合理,,效果差,,,,,,,,,,,,,
"6 Rockland St, Aveley WA 6069澳大利亚",8241,,,,合理,,合理,,,,,,,,合理,,合理,,,,,,,,,,,,,
"8 Rockland St, Aveley WA 6069澳大利亚",8243,,,,合理,,可接受,,,,,,,,可接受,,合理,,,,,,,,,,,,,
"47 Buttermere Grange, Aveley WA 6069澳大利亚",8252,,,,合理,,合理,,,,,,,,合理,,合理,,,,,,,,,,,,,
"45 Buttermere Grange, Aveley WA 6069澳大利亚",8247,,,,合理,,可接受,,,,,,可接受,,合理,,合理,,,,,,,,,,,,,
"51 Buttermere Grange, Aveley WA 6069澳大利亚",8254,,,,合理,,合理,,,,,,,,合理,,合理,,,,,,,,,,,,,
"53 Buttermere Grange, Aveley WA 6069澳大利亚",8258,,,,合理,,合理,,,,,,,,合理,,合理,,,,,,,,,,,,,
"9 Thornton St, Aveley WA 6069澳大利亚",8272,,,,合理,,合理,,,,,,,,合理,,合理,,,,,,,,,,,,,
"19 Rockland St, Aveley WA 6069澳大利亚",8276,,,,合理,,合理,,,,,,,,合理,,合理,,,,,,,,,,,,,
"17 Thornton St, Aveley WA 6069澳大利亚",8278,,,,合理,,合理,,,,,,,,合理,,合理,,,,,,,,,,,,,
"12 Swinburn Wy, Aveley WA 6069澳大利亚",8282,,,,合理,,合理,,,,,,,,合理,,合理,,,,,,,,,,,,,
"6 Swinburn Wy, Aveley WA 6069澳大利亚",8286,,,,合理,,可接受,,,,,,合理,,合理,,合理,,,,,,,,,,,,,
"10 Swinburn Wy, Aveley WA 6069澳大利亚",8287,-31.7839095,115.9972119,,合理,,有问题,,服务错误,,,,,,合理,,合理,,,,,,,,,,,,,
"4 Swinburn Wy, Aveley WA 6069澳大利亚",8291,,,,合理,,合理,,,,,,,,合理,,合理,,,,,,,,,,,,,
"3 Rockland St, Aveley WA 6069澳大利亚",8294,-31.7841645,115.9967884,,合理,,可接受,,,,,,位置错误,,合理,,合理,,,,,,,,,,,,,
"64 Pitsford Chase, Aveley WA 6069澳大利亚",8304,,,,合理,,合理,,,,,,,,合理,,合理,,,,,,,,,,,,,
"70 Pitsford Chase, Aveley WA 6069澳大利亚",8310,-31.7838358,115.99656,,合理,,可接受,,,,,,合理,,合理,,效果差,,,,,,,,,,,,,
"66 Rivington Entrance, Aveley WA 6069澳大利亚",8317,,,,合理,,合理,,,,,,,,合理,,合理,,,,,,,,,,,,,
"4 Abberton St, Aveley WA 6069澳大利亚",8321,,,,合理,,合理,,,,,,,,合理,,合理,,,,,,,,,,,,,
"62 Rivington Entrance, Aveley WA 6069澳大利亚",8325,,,,合理,,合理,,,,,,,,合理,,合理,,,,,,,,,,,,,
"60 Rivington Entrance, Aveley WA 6069澳大利亚",8328,,,,合理,,合理,,,,,,,,合理,,合理,,,,,,,,,,,,,
"58 Rivington Entrance, Aveley WA 6069澳大利亚",8331,,,,合理,,可接受,,,,,,合理,,合理,,合理,,,,,,,,,,,,,
"12 Abberton St, Aveley WA 6069澳大利亚",8334,-31.7887568,115.9962747,,合理,,可接受,,,,,,可接受,,合理,,效果差,,,,,,,,,,,,,
"14 Gailey Wy, Aveley WA 6069澳大利亚",8338,,,,合理,,可接受,,,,,,可接受,,合理,,合理,,,,,,,,,,,,,
"12 Gailey Wy, Aveley WA 6069澳大利亚",8343,,,,合理,,合理,,,,,,,,合理,,合理,,,,,,,,,,,,,
"10 Gailey Wy, Aveley WA 6069澳大利亚",8346,,,,合理,,合理,,,,,,,,合理,,合理,,,,,,,,,,,,,
"6 Semerwater Cres, Aveley WA 6069澳大利亚",8348,,,,合理,,合理,,,,,,,,合理,,合理,,,,,,,,,,,,,
"8 Semerwater Cres, Aveley WA 6069澳大利亚",8349,,,,合理,,合理,,,,,,合理,,合理,,合理,,,,,,,,,,,,,
"12 Semerwater Cres, Aveley WA 6069澳大利亚",8355,,,,合理,,合理,,,,,,,,合理,,合理,,,,,,,,,,,,,
"14 Semerwater Cres, Aveley WA 6069澳大利亚",8358,,,,合理,,合理,,,,,,,,合理,,合理,,,,,,,,,,,,,
"18 Semerwater Cres, Aveley WA 6069澳大利亚",8434,,,,合理,,可接受,,,,,,孤立面板,,合理,,合理,,,,,,,,,,,,,
"22 Semerwater Cres, Aveley WA 6069澳大利亚",8367,,,,合理,,可接受,,,,,,合理,,合理,,合理,,,,,,,,,,,,,
"26 Semerwater Cres, Aveley WA 6069澳大利亚",8372,,,,合理,,合理,,,,,,,,合理,,合理,,,,,,,,,,,,,
"28 Semerwater Cres, Aveley WA 6069澳大利亚",8375,-31.7896981,116.00019,,合理,,可接受,,,,,,孤立面板,,合理,,合理,,,,,,,,,,,,,
"32 Semerwater Cres, Aveley WA 6069澳大利亚",8383,,,,合理,,合理,,,,,,,,合理,,合理,,,,,,,,,,,,,
"19 Petula Ct, Aveley WA 6069澳大利亚",8399,-31.7751207,115.9894122,,合理,,可接受,,,,,,,,合理,,效果差,,,,,,,,,,,,,
"11 Petula Ct, Aveley WA 6069澳大利亚",8404,,,,合理,,可接受,,,,,,,,合理,,合理,,,,,,,,,,,,,
"2 Torres Parade, Aveley WA 6069澳大利亚",8405,,,,合理,,可接受,,,,,,,,合理,,合理,,,,,,,,,,,,,
"15 Torres Parade, Aveley WA 6069澳大利亚",8406,,,,合理,,可接受,,,,,,可接受,,合理,,合理,,,,,,,,,,,,,
"17 Torres Parade, Aveley WA 6069澳大利亚",8408,-31.7761292,115.9863468,,合理,,可接受,,,,,,,,可接受,,效果差,,,,,,,,,,,,,
"7 Aleaha Brace, Aveley WA 6069澳大利亚",8410,,,,合理,,可接受,,,,,,合理,,合理,,合理,,,,,,,,,,,,,
"7 Beaumonde Grange, Aveley WA 6069澳大利亚",8414,,,,合理,,可接受,,,,,,可接受,,合理,,合理,,,,,,,,,,,,,
"55 Cochrane Loop, Aveley WA 6069澳大利亚",8420,,,,合理,,可接受,,,,,,可接受,,合理,,合理,,,,,,,,,,,,,
"4 Tapioca Dr, Aveley WA 6069澳大利亚",8426,,,,合理,,可接受,,,,,,,,合理,,合理,,,,,,,,,,,,,
"12 Tapioca Dr, Aveley WA 6069澳大利亚",8429,-31.7741979,115.98512,,合理,,可接受,,,,,,,,合理,,效果差,,,,,,,,,,,,,
"69 Hancock Ave, Aveley WA 6069澳大利亚",8432,,,,合理,,合理,,,,,,,,合理,,合理,,,,,,,,,,,,,
"73 Hancock Ave, Aveley WA 6069澳大利亚",8435,,,,合理,,合理,,,,,,,,合理,,合理,,,,,,,,,,,,,
"71 Hancock Ave, Aveley WA 6069澳大利亚",8437,,,,合理,,合理,,,,,,,,合理,,合理,,,,,,,,,,,,,
"17 Waskerly Pl, Aveley WA 6069澳大利亚",8440,-31.7843312,115.992574,,合理,,可接受,,,,,,,,合理,,效果差,,,,,,,,,,,,,
"9 Waskerly Pl, Aveley WA 6069澳大利亚",8442,,,,合理,,合理,,,,,,,,合理,,合理,,,,,,,,,,,,,
"7 Waskerly Pl, Aveley WA 6069澳大利亚",8445,-31.7837616,115.992581,,合理,,可接受,,,,,,,,合理,,效果差,,,,,,,,,,,,,